miRNA,D0PF1,D0PF2,D0SAG1,D0SAG2,D7PF1,D7PF2,D7SAG1,D7SAG2
mmu-miR-99b-5p,275784,223626,294801,238769,168083,107848,270918,232256
mmu-miR-99b-3p,2646,2070,3443,2307,1265,825,1768,1759
mmu-miR-99a-5p,233596,104537,149227,136745,511948,309932,404554,252257
mmu-miR-99a-3p,481,395,719,374,1187,746,933,920
mmu-miR-98-5p,26655,17517,6858,21726,18363,13622,26425,9852
mmu-miR-98-3p,297,193,192,259,88,62,145,101
mmu-miR-9769-5p,2,0,0,0,0,0,0,0
mmu-miR-9769-3p,7,6,11,9,2,4,3,3
mmu-miR-9768-5p,0,0,1,0,0,0,0,0
mmu-miR-96-5p,149,80,1389,723,111,84,444,206
mmu-miR-96-3p,1,1,2,4,0,0,0,0
mmu-miR-935,19,15,26,6,21,20,37,32
mmu-miR-93-5p,43400,25165,27307,31045,33463,19922,26965,20354
mmu-miR-93-3p,707,599,651,525,461,239,517,412
mmu-miR-92b-5p,28,8,24,9,6,3,13,12
mmu-miR-92b-3p,1025,580,858,842,556,320,1212,1039
mmu-miR-92a-3p,3041,1675,1881,2091,1851,1083,1316,1224
mmu-miR-92a-1-5p,330,245,174,136,77,35,74,53
mmu-miR-9-5p,395,231,222,1565,367,230,448,292
mmu-miR-9-3p,48,30,35,131,53,41,71,68
mmu-miR-883b-5p,0,0,0,0,0,0,0,1
mmu-miR-883b-3p,0,0,0,0,0,0,1,1
mmu-miR-883a-3p,1,0,1,0,0,0,2,2
mmu-miR-881-3p,0,0,0,3,1,0,1,0
mmu-miR-880-3p,0,0,0,0,2,0,2,0
mmu-miR-879-5p,76,76,83,60,63,39,137,122
mmu-miR-879-3p,7,2,4,2,2,1,10,2
mmu-miR-878-3p,0,0,0,0,0,0,1,0
mmu-miR-877-5p,291,220,165,234,238,149,219,192
mmu-miR-877-3p,126,178,106,107,146,52,111,114
mmu-miR-876-5p,5,2,12,10,24,27,51,41
mmu-miR-875-5p,0,0,0,0,2,0,0,0
mmu-miR-874-5p,5,11,5,6,12,8,13,10
mmu-miR-874-3p,274,391,343,230,447,328,697,612
mmu-miR-873a-5p,28,47,72,47,207,147,368,303
mmu-miR-873a-3p,2,3,6,13,22,13,51,34
mmu-miR-872-5p,7985,4029,3217,6715,9230,6299,10604,6014
mmu-miR-872-3p,5016,4360,5320,4001,2728,1730,4487,3534
mmu-miR-871-5p,0,0,0,0,1,0,2,0
mmu-miR-871-3p,1,2,1,0,0,0,0,0
mmu-miR-8120,9,5,12,23,5,2,8,7
mmu-miR-8118,5,9,13,17,3,4,5,14
mmu-miR-8116,0,0,1,0,1,0,0,0
mmu-miR-8114,264,278,312,271,251,126,198,247
mmu-miR-8112,162,128,209,148,98,46,134,121
mmu-miR-8111,4,11,5,7,6,2,7,5
mmu-miR-8108,0,0,0,0,2,2,0,1
mmu-miR-8107,3,0,0,0,0,1,0,1
mmu-miR-8106,8,4,9,7,6,4,6,3
mmu-miR-8105,2,3,3,3,1,0,0,3
mmu-miR-8103,15,15,5,20,25,15,31,21
mmu-miR-8101,0,2,0,0,0,0,0,0
mmu-miR-8100,2,0,2,0,0,0,0,0
mmu-miR-8098,3,5,3,7,0,2,1,4
mmu-miR-8097,3,0,3,0,5,5,3,5
mmu-miR-8096,0,0,0,0,0,1,0,0
mmu-miR-8094,7,0,4,1,5,5,10,6
mmu-miR-8093,1,0,0,0,0,1,1,0
mmu-miR-8092,4,6,6,4,0,3,5,3
mmu-miR-8091,0,0,0,0,0,1,1,1
mmu-miR-8090,0,2,0,3,7,2,3,1
mmu-miR-802-5p,6,3,8,8,32,12,29,14
mmu-miR-802-3p,0,1,1,1,6,1,8,6
mmu-miR-7b-5p,0,3,7,5,1,0,6,2
mmu-miR-7a-5p,14320,10163,3853,8800,14796,10894,16241,7609
mmu-miR-7a-2-3p,0,2,0,0,0,0,0,2
mmu-miR-7a-1-3p,679,376,415,397,642,324,521,450
mmu-miR-770-5p,203,286,380,319,88,67,242,230
mmu-miR-770-3p,131,88,159,158,143,60,239,218
mmu-miR-7689-3p,41,16,28,35,20,13,52,41
mmu-miR-7688-5p,650,497,651,523,206,138,339,277
mmu-miR-7688-3p,4,2,2,2,1,1,0,3
mmu-miR-7687-5p,6,6,7,6,2,3,0,1
mmu-miR-7687-3p,0,2,2,3,2,0,3,2
mmu-miR-7685-5p,0,0,0,0,0,0,1,0
mmu-miR-7685-3p,0,0,1,1,0,0,1,0
mmu-miR-7682-5p,2,0,3,1,0,0,1,0
mmu-miR-7682-3p,0,1,0,1,1,1,1,0
mmu-miR-7681-5p,0,0,0,0,0,1,0,0
mmu-miR-7680-5p,0,0,0,2,1,1,1,0
mmu-miR-7679-5p,30,32,14,10,17,17,20,18
mmu-miR-7679-3p,3,2,2,2,0,0,1,2
mmu-miR-7677-3p,1,0,0,0,1,0,0,0
mmu-miR-7676-5p,0,0,1,0,1,0,1,0
mmu-miR-7676-3p,3,1,0,0,4,3,0,1
mmu-miR-7675-5p,1,0,1,2,0,2,1,0
mmu-miR-7675-3p,4,6,3,6,3,0,10,3
mmu-miR-7674-5p,1,0,0,1,1,0,1,0
mmu-miR-7674-3p,0,0,0,2,1,0,0,1
mmu-miR-7673-5p,1,0,0,4,4,2,3,3
mmu-miR-7672-5p,0,0,0,0,0,0,0,1
mmu-miR-7672-3p,0,1,0,0,0,0,1,0
mmu-miR-7671-5p,4,1,1,0,1,0,0,0
mmu-miR-7671-3p,0,1,0,0,0,2,0,0
mmu-miR-7670-3p,1,0,0,0,1,1,0,0
mmu-miR-7669-5p,12,10,11,9,14,5,9,10
mmu-miR-7669-3p,10,4,8,7,4,12,4,12
mmu-miR-7668-5p,5,1,1,7,3,0,0,0
mmu-miR-7668-3p,2,1,0,1,1,0,1,3
mmu-miR-7667-5p,26,25,24,24,12,11,23,17
mmu-miR-7667-3p,4,7,3,1,3,2,2,4
mmu-miR-7666-5p,0,0,0,1,0,0,0,0
mmu-miR-7666-3p,0,1,0,2,0,0,0,0
mmu-miR-7665-5p,0,0,1,0,2,0,0,0
mmu-miR-7665-3p,0,0,0,1,0,0,0,1
mmu-miR-7664-5p,2,0,3,0,0,0,1,1
mmu-miR-7664-3p,7,1,4,12,1,6,3,3
mmu-miR-7663-5p,0,0,0,0,0,0,1,0
mmu-miR-7663-3p,1,1,1,0,0,1,0,0
mmu-miR-7661-5p,1,1,0,1,1,0,1,3
mmu-miR-7661-3p,14,8,13,12,16,6,27,11
mmu-miR-7660-5p,0,0,0,0,0,0,0,1
mmu-miR-7660-3p,0,0,0,0,0,3,0,0
mmu-miR-7659-5p,7,6,7,4,4,2,5,3
mmu-miR-7658-5p,2,0,3,3,2,4,0,2
mmu-miR-7658-3p,0,2,0,0,2,0,0,0
mmu-miR-7657-5p,0,0,0,0,1,1,0,0
mmu-miR-7657-3p,0,0,0,0,1,0,1,0
mmu-miR-7656-5p,2,2,3,3,24,13,7,10
mmu-miR-7656-3p,0,0,0,0,3,1,0,0
mmu-miR-7655-5p,2,3,8,3,0,1,3,0
mmu-miR-7655-3p,2,1,0,5,1,2,1,1
mmu-miR-7654-5p,8,14,6,7,7,2,7,7
mmu-miR-7654-3p,5,10,12,4,3,1,2,3
mmu-miR-7653-5p,3,0,4,5,2,5,4,2
mmu-miR-7653-3p,2,9,2,4,1,0,5,6
mmu-miR-7652-5p,4,1,0,0,1,1,1,1
mmu-miR-7652-3p,13,6,4,5,3,6,4,4
mmu-miR-7651-5p,5,0,10,5,10,8,2,6
mmu-miR-7651-3p,1,0,0,0,0,0,0,0
mmu-miR-7650-5p,10,1,6,8,4,1,6,4
mmu-miR-7650-3p,0,0,0,0,2,0,0,0
mmu-miR-7649-5p,6,8,2,0,1,3,1,3
mmu-miR-7649-3p,192,96,70,113,16,23,45,59
mmu-miR-7648-5p,2,2,1,0,0,0,1,0
mmu-miR-7648-3p,5,3,5,3,2,1,8,2
mmu-miR-7647-5p,3,4,4,5,0,2,4,0
mmu-miR-7647-3p,6,5,1,1,5,2,0,3
mmu-miR-7646-5p,0,0,0,2,4,1,1,2
mmu-miR-764-5p,0,0,5,2,0,0,0,0
mmu-miR-764-3p,0,0,29,6,0,0,0,0
mmu-miR-760-5p,4,4,4,1,4,0,0,4
mmu-miR-760-3p,4,3,15,14,6,1,10,6
mmu-miR-758-5p,12,7,8,6,6,4,12,9
mmu-miR-758-3p,1019,976,1338,846,771,507,1562,1237
mmu-miR-744-5p,28911,35405,40744,28774,13432,8627,17450,15474
mmu-miR-744-3p,504,420,533,376,197,111,347,250
mmu-miR-743b-3p,0,0,0,0,1,0,2,1
mmu-miR-743a-5p,0,0,0,0,1,0,0,0
mmu-miR-743a-3p,0,0,0,0,0,1,0,0
mmu-miR-741-3p,0,0,3,3,1,0,3,1
mmu-miR-7240-5p,1,0,1,0,0,0,0,0
mmu-miR-7239-3p,0,0,0,0,0,0,2,0
mmu-miR-7238-5p,0,1,0,0,0,1,0,0
mmu-miR-7237-5p,1,0,0,0,1,0,2,0
mmu-miR-7237-3p,3,1,0,0,0,2,0,1
mmu-miR-7236-3p,6,9,8,4,13,4,11,4
mmu-miR-7235-3p,3,0,2,0,1,0,0,0
mmu-miR-7231-5p,5,3,3,2,2,0,1,2
mmu-miR-7227-3p,4,1,0,0,1,1,2,3
mmu-miR-7226-5p,0,0,0,0,0,0,1,0
mmu-miR-7226-3p,9,12,6,4,2,2,2,1
mmu-miR-7224-5p,1,1,1,2,0,0,2,3
mmu-miR-7224-3p,61,54,90,61,34,32,76,64
mmu-miR-7222-3p,0,0,0,0,0,0,2,0
mmu-miR-7219-5p,0,0,0,0,2,0,1,0
mmu-miR-7219-3p,19,4,7,3,44,23,15,19
mmu-miR-7213-5p,2,0,0,0,1,0,0,3
mmu-miR-7213-3p,0,0,0,0,1,0,0,0
mmu-miR-7212-5p,2,2,2,2,0,0,1,0
mmu-miR-7212-3p,0,0,0,2,0,0,0,0
mmu-miR-713,0,0,0,1,0,0,0,0
mmu-miR-712-5p,1,0,0,0,0,0,0,2
mmu-miR-7119-5p,2,0,0,0,0,0,0,0
mmu-miR-7118-5p,0,0,0,0,0,0,0,3
mmu-miR-7118-3p,5,4,3,6,9,5,1,5
mmu-miR-7117-5p,4,3,5,3,2,0,2,0
mmu-miR-7116-5p,0,1,0,2,3,0,1,1
mmu-miR-7116-3p,0,3,0,3,3,0,1,2
mmu-miR-7115-5p,7,2,1,1,11,7,4,4
mmu-miR-7115-3p,1,1,0,0,3,2,0,0
mmu-miR-7093-5p,1,3,2,1,0,1,4,1
mmu-miR-7093-3p,6,1,6,4,2,5,2,4
mmu-miR-7092-5p,4,1,2,5,9,5,8,0
mmu-miR-7092-3p,5,1,0,1,0,2,3,0
mmu-miR-7091-5p,2,10,4,7,3,5,2,3
mmu-miR-7091-3p,2,0,1,1,3,3,0,0
mmu-miR-7090-5p,1,2,2,1,0,0,1,0
mmu-miR-709,3,6,7,4,12,5,7,7
mmu-miR-7089-5p,0,0,5,2,0,0,1,2
mmu-miR-7089-3p,0,0,0,0,1,0,0,0
mmu-miR-7088-3p,0,0,0,3,0,0,0,0
mmu-miR-7087-5p,3,3,2,0,0,0,0,0
mmu-miR-7086-5p,0,0,0,0,2,0,0,0
mmu-miR-7085-5p,0,0,1,1,2,0,0,0
mmu-miR-7085-3p,5,3,4,4,5,4,6,5
mmu-miR-7084-5p,2,0,1,5,4,2,1,2
mmu-miR-7084-3p,0,2,0,1,0,0,1,0
mmu-miR-7083-5p,18,9,13,16,8,9,7,13
mmu-miR-7083-3p,1,0,0,0,0,0,0,0
mmu-miR-7082-3p,3,7,1,2,3,1,2,1
mmu-miR-7081-3p,9,7,0,8,8,2,7,3
mmu-miR-7080-3p,2,1,1,0,0,0,0,0
mmu-miR-708-5p,3005,1908,2378,1910,7957,4472,5635,3386
mmu-miR-708-3p,1989,1317,1267,820,5995,3219,4103,2614
mmu-miR-7079-5p,2,1,0,0,0,0,0,0
mmu-miR-7079-3p,0,2,2,2,1,2,0,1
mmu-miR-7078-5p,0,2,0,0,0,0,0,0
mmu-miR-7077-5p,0,0,0,0,0,0,0,1
mmu-miR-7077-3p,1,0,0,1,1,0,0,0
mmu-miR-7075-3p,1,0,0,0,0,0,2,0
mmu-miR-7074-3p,3,3,6,3,1,2,4,3
mmu-miR-7073-5p,11,11,2,9,13,10,7,1
mmu-miR-7073-3p,0,0,0,1,1,0,0,1
mmu-miR-7072-5p,0,0,0,0,0,0,0,1
mmu-miR-7071-5p,0,0,2,1,1,0,0,1
mmu-miR-7071-3p,0,1,0,0,1,0,0,0
mmu-miR-7070-5p,0,0,2,0,1,1,0,0
mmu-miR-7070-3p,0,2,3,0,1,0,3,4
mmu-miR-7069-5p,19,11,20,19,5,1,5,12
mmu-miR-7069-3p,4,3,1,2,7,2,3,1
mmu-miR-7068-5p,1,2,1,0,0,0,0,1
mmu-miR-7068-3p,22,14,12,9,8,1,14,10
mmu-miR-7067-5p,1,0,0,1,0,0,0,0
mmu-miR-7067-3p,0,2,0,1,0,0,1,0
mmu-miR-7065-5p,2,0,0,0,1,0,0,0
mmu-miR-7065-3p,2,0,1,2,0,1,3,3
mmu-miR-7064-5p,8,9,8,11,4,4,4,0
mmu-miR-7063-5p,17,15,19,9,12,3,4,1
mmu-miR-7063-3p,2,1,0,0,0,0,0,0
mmu-miR-7062-5p,3,6,6,4,33,10,10,9
mmu-miR-7062-3p,0,0,0,0,2,1,4,0
mmu-miR-7061-5p,1,3,3,7,3,3,9,1
mmu-miR-7061-3p,0,0,0,0,0,1,0,0
mmu-miR-7060-5p,1,0,0,0,0,0,0,1
mmu-miR-7060-3p,0,0,0,0,2,0,0,0
mmu-miR-706,4,1,1,1,0,1,1,0
mmu-miR-7059-5p,1,0,4,4,6,5,5,5
mmu-miR-7059-3p,0,0,0,0,1,0,0,0
mmu-miR-7058-5p,0,0,0,1,1,0,0,0
mmu-miR-7057-5p,0,1,2,1,1,0,3,0
mmu-miR-7057-3p,6,4,0,9,3,4,7,10
mmu-miR-7054-5p,3,4,3,7,5,3,0,5
mmu-miR-7054-3p,2,0,0,0,1,0,0,1
mmu-miR-7052-5p,0,1,4,1,1,1,2,1
mmu-miR-7052-3p,2,1,1,0,0,0,0,0
mmu-miR-7051-5p,1,0,2,3,0,0,0,0
mmu-miR-7051-3p,1,2,0,0,0,0,0,0
mmu-miR-7050-5p,0,2,0,1,0,0,0,0
mmu-miR-7049-5p,3,2,1,3,3,2,2,4
mmu-miR-7048-3p,0,0,0,0,1,0,0,0
mmu-miR-7047-5p,0,2,0,0,0,0,0,0
mmu-miR-7046-5p,2,0,3,0,2,1,0,0
mmu-miR-7046-3p,0,3,1,1,0,0,0,1
mmu-miR-7045-5p,0,0,0,0,0,1,0,0
mmu-miR-7045-3p,1,1,1,3,0,0,0,3
mmu-miR-7044-5p,0,2,0,0,0,0,0,0
mmu-miR-7043-5p,2,1,0,1,4,0,3,0
mmu-miR-7043-3p,6,0,3,2,11,4,1,2
mmu-miR-7042-5p,5,6,16,2,2,2,2,1
mmu-miR-7042-3p,1,0,0,1,0,0,0,0
mmu-miR-7041-5p,0,1,2,2,1,0,0,0
mmu-miR-7041-3p,0,0,0,1,0,0,0,0
mmu-miR-7040-5p,5,0,1,2,1,0,6,3
mmu-miR-7040-3p,0,0,1,0,0,0,1,0
mmu-miR-704,1,1,2,0,0,1,1,1
mmu-miR-7039-5p,0,4,4,3,0,1,0,2
mmu-miR-7038-5p,3,2,3,1,0,0,0,0
mmu-miR-7038-3p,0,1,1,2,1,0,3,0
mmu-miR-7037-5p,1,0,2,1,1,0,0,0
mmu-miR-7037-3p,1,0,1,0,0,0,1,0
mmu-miR-7036b-5p,8,6,4,10,8,3,3,4
mmu-miR-7036b-3p,1,1,0,0,0,0,0,1
mmu-miR-7036a-5p,1,0,1,1,0,1,1,0
mmu-miR-7036a-3p,0,0,3,2,1,0,0,0
mmu-miR-7035-5p,0,1,0,2,1,0,0,3
mmu-miR-7035-3p,4,1,3,4,2,1,6,10
mmu-miR-7034-5p,0,0,0,2,0,0,0,0
mmu-miR-7034-3p,3,0,6,2,3,2,2,2
mmu-miR-7033-5p,12,8,16,3,5,5,7,5
mmu-miR-7033-3p,0,0,2,0,0,0,0,0
mmu-miR-7032-5p,3,2,0,0,0,0,0,0
mmu-miR-7032-3p,1,2,1,3,2,0,0,3
mmu-miR-7031-5p,1,7,4,2,3,1,4,2
mmu-miR-7031-3p,1,0,0,0,0,0,1,3
mmu-miR-7030-5p,1,1,1,0,0,0,0,0
mmu-miR-7030-3p,1,0,0,0,0,0,0,0
mmu-miR-703,0,0,0,0,2,0,0,1
mmu-miR-7029-5p,1,6,6,6,2,1,2,6
mmu-miR-7029-3p,3,1,0,0,5,0,1,1
mmu-miR-7028-5p,2,0,1,0,0,0,0,1
mmu-miR-7027-5p,1,0,1,0,1,0,1,0
mmu-miR-7027-3p,4,0,1,1,2,0,0,1
mmu-miR-7026-5p,3,2,11,5,3,1,2,4
mmu-miR-7026-3p,0,0,0,0,0,1,0,0
mmu-miR-7025-5p,0,0,0,1,1,1,0,0
mmu-miR-7025-3p,37,31,40,27,27,18,27,27
mmu-miR-7024-5p,0,3,0,5,0,0,0,1
mmu-miR-7024-3p,2,2,1,2,2,1,2,3
mmu-miR-7023-5p,0,0,0,0,2,0,0,0
mmu-miR-7023-3p,0,0,0,0,1,0,0,0
mmu-miR-7022-5p,1,1,2,0,2,1,0,0
mmu-miR-7022-3p,0,0,0,0,0,0,2,0
mmu-miR-7021-5p,23,18,10,17,15,22,16,6
mmu-miR-7021-3p,0,0,1,0,0,0,0,0
mmu-miR-7020-5p,0,0,1,0,0,0,0,0
mmu-miR-7020-3p,0,1,0,0,0,0,0,0
mmu-miR-702-5p,8,5,4,8,2,0,5,6
mmu-miR-702-3p,22,28,25,16,9,11,17,19
mmu-miR-7019-5p,0,1,0,0,1,0,1,0
mmu-miR-7019-3p,3,3,4,5,5,1,3,1
mmu-miR-7018-5p,0,0,0,1,0,1,1,1
mmu-miR-7018-3p,44,54,44,50,15,6,16,33
mmu-miR-7017-5p,6,2,1,2,0,0,1,1
mmu-miR-7017-3p,0,0,1,0,0,0,1,0
mmu-miR-7016-5p,0,0,0,0,0,0,1,4
mmu-miR-7016-3p,0,0,0,0,1,0,1,0
mmu-miR-7015-5p,0,0,0,0,2,1,0,0
mmu-miR-7015-3p,3,2,2,1,5,1,6,5
mmu-miR-7014-5p,1,1,0,0,0,0,1,0
mmu-miR-7014-3p,0,1,0,0,0,0,0,0
mmu-miR-7013-5p,5,6,3,9,8,2,8,3
mmu-miR-7013-3p,3,1,3,2,0,1,1,1
mmu-miR-7012-5p,0,0,0,0,2,1,2,2
mmu-miR-7010-5p,0,0,0,4,0,0,0,0
mmu-miR-701-5p,187,104,138,145,96,72,120,90
mmu-miR-701-3p,47,30,36,33,17,10,40,35
mmu-miR-7009-5p,9,16,13,12,16,2,8,11
mmu-miR-7009-3p,0,0,0,1,1,0,1,2
mmu-miR-7008-5p,3,1,2,3,1,1,1,1
mmu-miR-7008-3p,0,0,2,0,1,0,2,1
mmu-miR-7007-5p,0,0,0,0,1,1,0,0
mmu-miR-7007-3p,0,0,0,0,1,0,0,0
mmu-miR-7006-5p,0,0,0,0,1,0,0,0
mmu-miR-7004-5p,0,0,0,0,0,0,1,1
mmu-miR-7003-5p,0,0,0,0,1,0,0,0
mmu-miR-7002-5p,0,1,0,0,0,0,0,2
mmu-miR-7002-3p,0,0,0,0,0,1,0,0
mmu-miR-7001-3p,0,0,0,0,0,1,0,0
mmu-miR-7000-5p,0,0,1,0,0,0,0,0
mmu-miR-7000-3p,0,0,1,0,0,0,0,2
mmu-miR-700-5p,389,303,458,311,483,199,434,430
mmu-miR-700-3p,1080,1397,1344,825,794,390,905,913
mmu-miR-6999-3p,0,0,0,1,0,0,0,0
mmu-miR-6998-5p,1,0,2,0,0,0,3,0
mmu-miR-6998-3p,9,11,8,2,2,0,4,2
mmu-miR-6997-5p,11,2,6,8,0,1,1,5
mmu-miR-6997-3p,2,5,2,9,4,1,3,4
mmu-miR-6996-5p,4,4,6,6,6,3,4,4
mmu-miR-6996-3p,0,0,3,1,0,1,2,0
mmu-miR-6995-5p,3,3,3,3,2,0,0,1
mmu-miR-6995-3p,1,0,0,0,1,0,3,0
mmu-miR-6994-5p,6,5,6,4,3,4,4,2
mmu-miR-6994-3p,5,4,2,6,7,3,3,7
mmu-miR-6993-5p,0,0,2,1,0,0,0,0
mmu-miR-6992-5p,9,6,0,3,1,0,6,0
mmu-miR-6992-3p,0,0,0,0,1,0,1,1
mmu-miR-6991-5p,1,0,3,0,2,0,0,0
mmu-miR-6991-3p,3,0,0,0,1,0,0,0
mmu-miR-6990-5p,8,11,14,5,10,2,7,11
mmu-miR-6989-5p,0,0,1,0,0,0,0,0
mmu-miR-6989-3p,1,4,1,1,3,0,3,1
mmu-miR-6988-5p,1,0,0,0,0,0,1,0
mmu-miR-6988-3p,1,0,0,5,1,0,0,1
mmu-miR-6987-5p,0,1,1,1,1,0,2,5
mmu-miR-6987-3p,0,0,0,0,0,0,0,1
mmu-miR-6986-5p,8,3,5,7,2,7,13,8
mmu-miR-6986-3p,0,0,0,0,0,0,1,0
mmu-miR-6985-5p,2,0,0,0,2,4,4,0
mmu-miR-6985-3p,3,2,3,6,3,3,2,7
mmu-miR-6984-5p,1,3,1,4,1,1,2,0
mmu-miR-6984-3p,2,0,0,0,3,0,1,1
mmu-miR-6983-5p,0,0,0,0,5,2,1,2
mmu-miR-6983-3p,0,0,0,0,2,0,0,0
mmu-miR-6981-3p,0,0,0,0,0,0,1,1
mmu-miR-6980-5p,0,0,0,0,0,0,0,1
mmu-miR-698-5p,2,0,0,1,0,2,0,1
mmu-miR-698-3p,0,2,0,0,0,0,1,1
mmu-miR-6979-3p,0,3,1,0,0,0,0,1
mmu-miR-6978-3p,0,0,0,0,0,0,0,1
mmu-miR-6977-5p,0,0,0,0,1,0,0,0
mmu-miR-6977-3p,12,7,7,6,1,1,7,3
mmu-miR-6976-5p,3,2,2,7,1,1,3,1
mmu-miR-6975-5p,0,0,0,0,0,0,1,0
mmu-miR-6975-3p,4,0,2,0,3,1,1,0
mmu-miR-6974-5p,0,0,0,0,0,1,0,0
mmu-miR-6972-3p,0,0,0,0,1,0,0,0
mmu-miR-6971-5p,1,1,0,1,0,0,0,0
mmu-miR-6971-3p,0,2,2,1,0,3,3,0
mmu-miR-6970-5p,7,3,3,1,5,4,3,6
mmu-miR-6970-3p,10,13,16,11,11,3,8,12
mmu-miR-6968-5p,1,0,1,0,0,0,0,0
mmu-miR-6968-3p,0,0,1,0,1,0,0,2
mmu-miR-6967-5p,4,8,8,6,6,1,4,6
mmu-miR-6967-3p,3,7,1,0,4,3,7,3
mmu-miR-6966-5p,0,8,6,2,2,0,3,2
mmu-miR-6966-3p,4,3,6,1,1,3,1,1
mmu-miR-6965-3p,0,3,2,1,0,0,1,0
mmu-miR-6964-5p,0,0,0,0,0,1,1,0
mmu-miR-6964-3p,0,0,0,0,1,0,0,0
mmu-miR-6963-5p,1,1,0,0,2,0,1,0
mmu-miR-6963-3p,17,4,13,7,2,1,13,6
mmu-miR-6962-5p,0,2,3,1,3,0,0,1
mmu-miR-6962-3p,0,1,0,3,1,0,1,1
mmu-miR-6960-5p,12,3,6,2,13,5,12,6
mmu-miR-6960-3p,0,0,0,0,1,0,0,0
mmu-miR-6959-5p,2,3,2,2,1,3,0,0
mmu-miR-6959-3p,0,0,0,0,0,0,0,1
mmu-miR-6958-3p,5,2,6,7,1,2,2,3
mmu-miR-6956-5p,0,0,0,0,0,0,1,1
mmu-miR-6956-3p,0,0,1,0,0,0,2,2
mmu-miR-6955-5p,4,4,1,4,3,2,4,1
mmu-miR-6955-3p,0,1,0,2,0,1,4,5
mmu-miR-6954-5p,1,0,5,1,1,1,0,0
mmu-miR-6954-3p,0,2,2,0,2,0,1,1
mmu-miR-6953-3p,2,0,0,1,0,0,0,0
mmu-miR-6952-5p,1,0,1,4,0,3,2,2
mmu-miR-6952-3p,2,7,3,3,4,2,2,4
mmu-miR-6951-5p,7,2,0,3,4,4,4,2
mmu-miR-6950-5p,6,3,4,4,2,6,3,6
mmu-miR-6950-3p,0,0,0,0,0,0,0,1
mmu-miR-6948-5p,23,13,10,10,17,5,15,16
mmu-miR-6948-3p,12,9,12,15,3,3,5,12
mmu-miR-6947-5p,0,2,1,0,0,1,1,0
mmu-miR-6947-3p,0,0,1,0,0,0,0,0
mmu-miR-6946-5p,9,0,2,2,4,0,3,0
mmu-miR-6946-3p,0,0,2,0,0,0,5,2
mmu-miR-6945-5p,11,4,3,4,0,1,1,0
mmu-miR-6945-3p,33,13,42,46,10,10,25,16
mmu-miR-6944-5p,0,1,3,0,0,1,0,0
mmu-miR-6944-3p,106,79,43,110,70,40,94,92
mmu-miR-6943-5p,2,0,0,0,1,0,0,0
mmu-miR-6943-3p,0,0,2,0,0,0,0,0
mmu-miR-6942-5p,0,0,0,2,5,3,3,0
mmu-miR-6942-3p,3,2,3,1,1,0,0,2
mmu-miR-6940-3p,17,18,20,22,10,5,19,12
mmu-miR-694,5,1,2,3,0,0,4,4
mmu-miR-6939-5p,2,2,0,0,0,0,0,0
mmu-miR-6939-3p,1,0,0,3,0,2,0,2
mmu-miR-6938-5p,2,0,1,1,0,0,0,0
mmu-miR-6938-3p,0,0,1,1,0,2,3,0
mmu-miR-6937-5p,1,0,1,1,4,1,1,5
mmu-miR-6937-3p,1,0,1,0,2,6,1,6
mmu-miR-6936-3p,0,3,2,3,2,0,3,2
mmu-miR-6935-5p,3,13,7,3,2,3,4,2
mmu-miR-6934-5p,0,2,1,1,1,0,0,1
mmu-miR-6933-5p,26,38,38,36,23,10,31,28
mmu-miR-6933-3p,0,4,1,1,3,1,0,0
mmu-miR-6932-5p,2,1,0,6,1,0,8,2
mmu-miR-6932-3p,2,0,0,0,0,0,1,0
mmu-miR-6931-5p,0,0,4,0,0,0,2,0
mmu-miR-6930-5p,1,1,0,0,0,1,2,0
mmu-miR-693-5p,3,0,1,1,1,3,0,1
mmu-miR-693-3p,3,0,2,3,9,0,1,0
mmu-miR-6929-5p,0,2,0,0,1,1,2,1
mmu-miR-6929-3p,1,0,0,0,2,0,5,0
mmu-miR-6928-5p,0,0,2,0,0,0,1,0
mmu-miR-6928-3p,0,0,0,0,0,0,0,1
mmu-miR-6927-5p,1,1,1,0,0,0,0,0
mmu-miR-6927-3p,0,0,2,0,0,0,2,0
mmu-miR-6925-5p,2,2,4,2,0,4,3,4
mmu-miR-6922-5p,1,0,0,1,2,1,1,1
mmu-miR-6922-3p,2,1,2,1,4,1,1,4
mmu-miR-6921-5p,0,3,0,0,0,1,2,0
mmu-miR-6921-3p,0,0,1,1,1,0,0,2
mmu-miR-6920-5p,1,0,1,0,1,0,1,1
mmu-miR-6920-3p,1,0,2,0,0,0,0,0
mmu-miR-692,0,0,0,0,0,0,1,1
mmu-miR-6919-3p,0,0,1,0,0,0,0,0
mmu-miR-6918-5p,3,6,3,0,2,0,0,0
mmu-miR-6916-5p,3,1,0,2,4,1,3,3
mmu-miR-6916-3p,0,1,2,0,1,1,0,0
mmu-miR-6915-5p,3,0,0,0,0,0,1,0
mmu-miR-6915-3p,3,1,0,2,1,0,1,0
mmu-miR-6914-5p,1,1,0,1,2,1,1,0
mmu-miR-6913-5p,0,0,0,0,2,0,0,1
mmu-miR-6913-3p,2,0,0,0,1,0,3,0
mmu-miR-6912-5p,4,2,0,4,3,1,1,0
mmu-miR-6912-3p,1,0,0,7,0,0,0,1
mmu-miR-6911-5p,1,1,0,0,1,0,1,0
mmu-miR-6911-3p,14,3,2,10,12,12,10,3
mmu-miR-6910-5p,0,0,0,0,0,1,0,0
mmu-miR-6910-3p,4,6,5,2,2,2,4,4
mmu-miR-6909-3p,2,2,0,0,0,1,0,0
mmu-miR-6908-5p,0,1,0,0,0,0,0,0
mmu-miR-6907-3p,0,0,0,0,1,0,0,0
mmu-miR-6906-5p,0,0,2,0,0,0,0,0
mmu-miR-6905-5p,0,0,0,2,1,0,1,0
mmu-miR-6904-5p,0,0,1,0,3,0,2,1
mmu-miR-6903-5p,4,2,2,3,0,0,2,1
mmu-miR-6902-5p,7,1,3,4,4,1,3,4
mmu-miR-6902-3p,1,0,0,0,2,2,0,2
mmu-miR-6901-5p,61,55,41,31,40,40,41,48
mmu-miR-6901-3p,4,2,1,1,0,0,3,1
mmu-miR-6900-5p,1,2,12,5,4,2,3,0
mmu-miR-6900-3p,4,5,0,4,4,4,1,1
mmu-miR-690,50,78,68,65,151,50,79,91
mmu-miR-6899-5p,3,0,0,1,0,0,0,0
mmu-miR-6899-3p,3,2,3,9,3,0,2,2
mmu-miR-6898-5p,5,3,4,4,0,4,3,2
mmu-miR-6898-3p,0,0,0,0,2,0,1,0
mmu-miR-6897-5p,4,4,1,3,2,0,3,2
mmu-miR-6896-5p,5,8,3,6,4,1,8,2
mmu-miR-6896-3p,0,0,2,1,0,0,0,0
mmu-miR-688,1,0,3,0,2,0,5,2
mmu-miR-682,0,1,0,1,0,0,1,0
mmu-miR-679-5p,1031,841,1213,962,571,421,1139,828
mmu-miR-679-3p,77,39,107,62,52,42,83,59
mmu-miR-677-5p,300,334,308,255,201,125,272,206
mmu-miR-677-3p,52,102,47,38,18,10,20,17
mmu-miR-676-5p,894,752,1049,829,908,561,853,627
mmu-miR-676-3p,3240,2356,2654,2775,3584,2696,2987,2260
mmu-miR-675-5p,113,105,90,67,196,116,131,127
mmu-miR-675-3p,292,201,224,184,553,265,409,290
mmu-miR-674-5p,2881,1832,2563,2045,3187,1735,3039,2350
mmu-miR-674-3p,8790,8400,12122,8309,7741,4594,7939,7189
mmu-miR-673-5p,1581,1277,1676,1401,2166,1271,2986,2409
mmu-miR-673-3p,370,292,451,361,315,251,431,396
mmu-miR-672-5p,44,39,18,53,38,32,96,65
mmu-miR-672-3p,2,5,0,2,0,2,0,5
mmu-miR-6715-5p,0,0,0,0,1,0,0,0
mmu-miR-671-5p,1323,1666,1784,1214,1450,731,1701,1443
mmu-miR-671-3p,980,949,1184,731,557,410,881,803
mmu-miR-670-5p,1,0,2,4,0,1,0,1
mmu-miR-670-3p,2,1,0,4,0,0,0,1
mmu-miR-669p-5p,626,441,251,542,488,273,857,403
mmu-miR-669p-3p,32,13,22,31,14,9,26,13
mmu-miR-669o-5p,145,103,42,119,112,70,192,84
mmu-miR-669o-3p,1766,771,939,1545,1329,766,1868,1183
mmu-miR-669m-5p,11,8,13,14,12,12,21,26
mmu-miR-669m-3p,18,9,9,8,13,7,13,8
mmu-miR-669l-5p,117,78,58,105,90,58,159,75
mmu-miR-669l-3p,4,2,4,12,9,2,13,5
mmu-miR-669k-5p,5,6,4,5,4,3,5,1
mmu-miR-669k-3p,0,1,0,0,0,0,0,2
mmu-miR-669i,4,2,4,2,1,0,3,1
mmu-miR-669h-5p,19,6,7,7,6,6,11,6
mmu-miR-669h-3p,2,5,2,5,1,1,3,2
mmu-miR-669g,1,0,1,1,1,0,0,0
mmu-miR-669f-5p,68,39,48,55,50,27,83,58
mmu-miR-669f-3p,183,102,108,145,94,73,210,153
mmu-miR-669e-5p,88,52,41,81,45,46,114,52
mmu-miR-669e-3p,24,7,12,19,18,8,13,9
mmu-miR-669d-5p,510,296,381,367,246,147,397,298
mmu-miR-669d-3p,4,4,6,7,4,2,14,6
mmu-miR-669d-2-3p,4,4,6,10,4,2,14,6
mmu-miR-669c-5p,649,511,179,707,774,703,1336,436
mmu-miR-669c-3p,15,4,4,7,9,4,9,5
mmu-miR-669b-5p,248,157,191,213,179,106,291,166
mmu-miR-669b-3p,31,16,16,23,18,3,26,23
mmu-miR-669a-5p,626,441,251,542,488,273,857,403
mmu-miR-669a-3p,1766,771,939,1545,1329,766,1868,1183
mmu-miR-669a-3-3p,30,17,42,26,37,11,37,25
mmu-miR-668-5p,12,15,18,10,6,7,20,8
mmu-miR-668-3p,1032,858,1167,1148,863,570,1438,1120
mmu-miR-667-5p,427,379,496,383,275,180,384,383
mmu-miR-667-3p,2212,1801,2547,2092,1596,938,2702,2654
mmu-miR-666-5p,1598,1548,2156,1522,1059,694,2319,1975
mmu-miR-666-3p,32,39,40,30,41,25,48,34
mmu-miR-665-5p,96,86,88,73,76,52,137,102
mmu-miR-665-3p,4992,6867,7205,5031,3478,2248,6281,5652
mmu-miR-664-5p,238,142,297,238,237,140,159,206
mmu-miR-664-3p,889,437,307,686,652,455,1110,840
mmu-miR-6546-5p,30,22,28,17,3,4,9,14
mmu-miR-6546-3p,20,12,10,13,6,2,9,6
mmu-miR-6540-5p,72,58,56,61,23,12,29,31
mmu-miR-6540-3p,13,9,12,8,5,2,8,6
mmu-miR-654-3p,0,0,0,3,0,0,0,0
mmu-miR-6539,389,346,323,214,68,71,166,122
mmu-miR-6538,1,3,2,3,2,4,2,3
mmu-miR-6537-5p,0,0,0,0,1,0,0,0
mmu-miR-6537-3p,0,2,0,0,3,3,0,1
mmu-miR-653-5p,30,7,4,1,0,0,0,2
mmu-miR-653-3p,0,0,1,0,0,0,0,0
mmu-miR-652-5p,170,135,146,89,269,144,156,131
mmu-miR-652-3p,2681,1694,2151,2065,3518,2084,1911,1893
mmu-miR-6516-5p,156,82,142,136,81,41,131,112
mmu-miR-6516-3p,25,32,18,19,15,5,9,10
mmu-miR-6481,0,1,1,1,1,0,0,0
mmu-miR-6418-5p,1,0,0,0,0,0,0,0
mmu-miR-6418-3p,0,0,0,1,1,0,0,1
mmu-miR-6412,16,7,8,10,14,8,8,8
mmu-miR-6399,21,15,9,11,6,6,6,4
mmu-miR-6395,3,1,2,0,0,0,1,2
mmu-miR-6392-5p,0,0,0,1,0,0,0,0
mmu-miR-6390,0,0,0,0,0,3,0,0
mmu-miR-6380,1,0,0,1,1,0,1,0
mmu-miR-6240,39,32,32,17,77,40,123,42
mmu-miR-615-5p,0,0,2,0,0,0,0,0
mmu-miR-615-3p,17,15,49,17,8,13,50,40
mmu-miR-598-5p,2,2,0,0,1,0,0,1
mmu-miR-598-3p,788,466,333,710,747,665,1467,705
mmu-miR-592-5p,23,26,47,51,10,6,33,21
mmu-miR-592-3p,2,2,5,3,0,0,1,2
mmu-miR-582-5p,116,80,110,92,58,31,83,91
mmu-miR-582-3p,143,83,116,114,114,56,137,96
mmu-miR-574-5p,4310,3452,1625,4247,7453,4809,7495,3543
mmu-miR-574-3p,14846,10669,15612,14468,19646,11161,23878,20460
mmu-miR-5710,0,0,0,0,0,2,1,0
mmu-miR-5709-5p,14,5,10,18,6,7,6,7
mmu-miR-5709-3p,2,1,0,3,0,0,1,0
mmu-miR-5627-5p,4,8,10,3,1,1,7,7
mmu-miR-5627-3p,2,3,1,0,0,0,1,0
mmu-miR-5626-5p,0,0,2,1,1,0,2,0
mmu-miR-5626-3p,14,9,15,8,11,4,7,5
mmu-miR-5625-3p,0,2,5,0,0,0,0,0
mmu-miR-5624-5p,4,2,3,2,10,3,5,2
mmu-miR-5624-3p,0,0,0,1,2,2,3,0
mmu-miR-5623-5p,0,0,0,4,0,0,2,2
mmu-miR-5622-5p,4,4,3,4,8,7,3,8
mmu-miR-5622-3p,4,0,1,0,0,0,2,1
mmu-miR-5621-5p,3,2,1,1,3,3,3,2
mmu-miR-5621-3p,15,11,6,12,6,2,4,3
mmu-miR-5620-5p,6,4,7,8,3,2,4,3
mmu-miR-5620-3p,10,3,9,4,8,3,9,4
mmu-miR-5619-5p,1,1,0,0,0,1,0,0
mmu-miR-5619-3p,0,0,4,1,5,1,7,2
mmu-miR-5618-5p,0,0,0,0,1,0,1,0
mmu-miR-5617-5p,6,4,2,2,0,1,0,1
mmu-miR-5616-5p,3,0,0,2,6,0,2,1
mmu-miR-5616-3p,6,3,1,2,6,0,3,3
mmu-miR-5615-5p,4,3,9,3,2,5,6,7
mmu-miR-5615-3p,0,0,1,3,1,0,1,1
mmu-miR-551b-3p,0,0,0,2,0,0,1,0
mmu-miR-547-5p,0,0,0,0,2,0,2,1
mmu-miR-547-3p,1,0,0,3,5,5,2,5
mmu-miR-546,0,2,0,0,2,0,0,1
mmu-miR-544-5p,11,6,12,23,21,17,45,19
mmu-miR-544-3p,14,17,21,19,21,18,32,25
mmu-miR-543-5p,119,54,94,134,104,46,210,133
mmu-miR-543-3p,6850,3644,4938,7973,4223,4001,9048,6058
mmu-miR-542-5p,279,174,195,200,335,149,218,154
mmu-miR-542-3p,10649,5939,6613,7999,29745,20421,22621,10670
mmu-miR-541-5p,75812,53396,62513,69575,83626,58590,125787,84373
mmu-miR-541-3p,712,457,652,543,684,462,1111,852
mmu-miR-540-5p,6108,6858,6267,4089,5072,3350,9070,7652
mmu-miR-540-3p,3436,3047,5168,3292,3036,2367,4875,4488
mmu-miR-539-5p,229,128,120,244,286,156,327,159
mmu-miR-539-3p,161,64,53,81,76,73,237,127
mmu-miR-532-5p,11763,10448,12882,9535,21736,9741,11636,10189
mmu-miR-532-3p,1142,1166,1162,857,2866,1094,1308,1354
mmu-miR-5136,0,1,0,1,1,0,0,0
mmu-miR-5135,0,0,0,0,0,0,2,0
mmu-miR-5134-5p,24,11,28,25,25,14,24,15
mmu-miR-5134-3p,4,5,6,3,5,5,3,5
mmu-miR-5133,0,1,0,1,0,0,0,0
mmu-miR-5132-5p,16,9,14,11,19,6,10,20
mmu-miR-5132-3p,0,2,1,0,0,0,1,1
mmu-miR-5130,1,5,6,3,7,5,3,4
mmu-miR-5129-5p,17,9,9,7,11,10,4,13
mmu-miR-5129-3p,16,9,11,12,19,7,9,3
mmu-miR-5128,37,47,41,29,9,7,13,16
mmu-miR-5126,6,15,13,16,34,19,34,31
mmu-miR-5125,21,9,5,20,21,13,10,15
mmu-miR-5124b,0,0,0,0,0,0,3,0
mmu-miR-5123,51,27,26,25,36,23,39,33
mmu-miR-5122,20,16,20,10,23,6,9,7
mmu-miR-5121,112,106,84,71,134,87,174,102
mmu-miR-5120,0,1,0,0,0,0,0,0
mmu-miR-5119,0,1,0,1,1,0,3,0
mmu-miR-5116,11,4,3,5,30,27,23,22
mmu-miR-5114,1,5,1,0,102,94,64,59
mmu-miR-5113,15,18,15,31,53,42,42,33
mmu-miR-5112,2,0,0,0,0,0,0,0
mmu-miR-511-5p,61,40,15,14,1006,417,223,236
mmu-miR-511-3p,287,91,33,73,6677,2506,972,1070
mmu-miR-5108,0,0,0,0,0,0,1,0
mmu-miR-5107-5p,3,0,0,0,0,0,1,0
mmu-miR-5107-3p,1,0,0,2,0,0,1,0
mmu-miR-5106,0,2,0,1,4,0,0,0
mmu-miR-5104b-5p,2,0,0,1,1,0,2,1
mmu-miR-5104,5,1,0,3,16,12,4,2
mmu-miR-5103,65,40,51,34,52,15,56,41
mmu-miR-5100,138,151,88,52,101,56,134,77
mmu-miR-5099,2728,2323,3148,3047,998,685,1029,977
mmu-miR-5098,2,0,1,1,0,0,2,2
mmu-miR-505-5p,12,15,7,10,28,13,26,7
mmu-miR-505-3p,253,196,198,253,165,98,177,129
mmu-miR-504-5p,145,120,282,261,104,47,297,229
mmu-miR-504-3p,0,0,1,0,0,0,2,0
mmu-miR-503-5p,11212,11202,6484,5267,59650,37959,53731,34207
mmu-miR-503-3p,1727,1004,811,961,4855,3370,4867,2597
mmu-miR-501-5p,657,484,508,593,982,453,486,473
mmu-miR-501-3p,5940,3966,5277,4711,10242,5443,5421,5325
mmu-miR-500-5p,47,49,41,39,110,58,56,49
mmu-miR-500-3p,1152,773,977,856,1781,741,1042,951
mmu-miR-499-5p,171,83,140,170,131,84,221,157
mmu-miR-499-3p,0,0,0,0,1,0,2,0
mmu-miR-497b,16,17,14,15,15,6,13,10
mmu-miR-497a-5p,2505,1325,1655,1709,3931,2135,4091,2993
mmu-miR-497a-3p,12,10,4,4,8,17,30,24
mmu-miR-496a-5p,24,12,22,17,24,11,40,30
mmu-miR-496a-3p,5261,2274,3341,4233,4852,3364,9880,6238
mmu-miR-495-5p,45,27,17,47,58,38,77,42
mmu-miR-495-3p,5425,2121,2877,4676,4431,3204,8063,4521
mmu-miR-494-5p,53,41,13,63,32,19,77,54
mmu-miR-494-3p,25554,14228,24354,23436,23699,14414,32376,23419
mmu-miR-493-5p,1976,1030,1183,2090,1950,1475,3136,1659
mmu-miR-493-3p,255,226,316,229,205,105,283,292
mmu-miR-491-5p,162,145,145,107,250,132,205,182
mmu-miR-491-3p,23,8,6,8,21,14,9,13
mmu-miR-490-5p,8,2,5,3,11,8,11,3
mmu-miR-490-3p,70,61,126,86,70,38,67,23
mmu-miR-489-3p,1,1,0,0,1,0,0,0
mmu-miR-488-3p,4,3,13,6,0,0,5,5
mmu-miR-487b-5p,8,1,4,3,3,3,5,1
mmu-miR-487b-3p,1544,792,916,1525,1395,827,1899,1256
mmu-miR-486b-5p,813,691,595,855,880,535,1377,1116
mmu-miR-486b-3p,1,2,1,5,14,5,13,11
mmu-miR-486a-5p,813,691,595,855,880,535,1377,1116
mmu-miR-486a-3p,103,74,106,38,176,108,183,155
mmu-miR-485-5p,2097,1066,1697,1944,2695,1801,3622,2588
mmu-miR-485-3p,3174,1975,2682,1019,3683,1611,5830,1753
mmu-miR-484,42237,37889,44142,34892,25256,14264,32727,28374
mmu-miR-483-5p,386,237,148,248,304,129,112,90
mmu-miR-483-3p,1726,1325,882,745,593,326,300,252
mmu-miR-471-5p,0,0,0,0,0,0,2,1
mmu-miR-470-5p,1,0,0,0,0,1,1,0
mmu-miR-467h,1,0,0,2,1,0,0,0
mmu-miR-467g,1,0,0,2,0,1,3,3
mmu-miR-467f,0,0,0,2,1,2,0,3
mmu-miR-467e-5p,818,395,469,701,529,357,893,541
mmu-miR-467e-3p,31,21,27,38,38,17,46,28
mmu-miR-467d-5p,280,197,327,301,187,124,340,234
mmu-miR-467d-3p,1240,403,592,941,688,370,1044,768
mmu-miR-467c-5p,679,395,561,566,325,234,621,450
mmu-miR-467c-3p,18,10,4,18,25,14,26,23
mmu-miR-467b-5p,2270,1810,1863,2257,1753,980,3344,2436
mmu-miR-467b-3p,7,0,4,4,1,1,5,5
mmu-miR-467a-5p,2270,1810,1863,2257,1753,980,3343,2436
mmu-miR-467a-3p,1242,403,592,941,688,370,1044,769
mmu-miR-466q,17,9,4,4,8,5,23,14
mmu-miR-466p-5p,83,77,109,90,55,52,95,80
mmu-miR-466p-3p,1756,634,937,1384,1237,686,1727,1225
mmu-miR-466o-5p,117,92,129,106,78,59,147,111
mmu-miR-466o-3p,1,0,2,0,4,0,1,1
mmu-miR-466n-5p,22,17,32,14,26,18,24,37
mmu-miR-466n-3p,109,83,104,105,78,44,101,87
mmu-miR-466m-5p,11,8,13,14,12,12,21,26
mmu-miR-466m-3p,37,32,40,28,19,15,37,33
mmu-miR-466l-5p,0,0,0,0,0,0,2,1
mmu-miR-466l-3p,8,4,5,5,3,2,11,6
mmu-miR-466k,51,38,68,44,38,26,36,44
mmu-miR-466j,0,1,1,8,3,2,5,5
mmu-miR-466i-5p,28,18,19,26,79,55,91,70
mmu-miR-466i-3p,77,44,64,70,76,30,147,95
mmu-miR-466h-5p,66,52,52,51,45,32,72,56
mmu-miR-466h-3p,274,140,261,238,143,95,285,251
mmu-miR-466g,84,61,99,90,45,52,132,103
mmu-miR-466f-5p,29,10,22,17,25,14,24,31
mmu-miR-466f-3p,190,79,167,197,100,57,184,168
mmu-miR-466f,29,10,22,17,25,14,24,31
mmu-miR-466e-5p,63,52,60,56,37,34,87,70
mmu-miR-466e-3p,1756,634,937,1384,1237,686,1727,1225
mmu-miR-466d-5p,22,17,32,14,26,18,24,37
mmu-miR-466d-3p,512,186,350,418,413,273,598,460
mmu-miR-466c-5p,267,204,256,226,206,135,376,228
mmu-miR-466c-3p,1756,634,937,1384,1237,686,1727,1225
mmu-miR-466b-5p,117,92,129,106,78,59,147,111
mmu-miR-466b-3p,1756,634,937,1384,1237,686,1727,1225
mmu-miR-466a-5p,48,45,53,43,28,33,64,54
mmu-miR-466a-3p,1756,634,937,1384,1237,686,1727,1225
mmu-miR-465c-5p,0,2,0,0,0,0,1,0
mmu-miR-465c-3p,0,0,0,0,0,0,1,1
mmu-miR-465b-5p,0,0,0,1,1,0,0,0
mmu-miR-465b-3p,0,0,0,0,0,0,1,1
mmu-miR-465a-3p,0,0,0,0,0,0,1,1
mmu-miR-463-5p,0,0,0,0,0,0,2,0
mmu-miR-463-3p,1,0,0,1,0,2,1,0
mmu-miR-455-5p,8566,8211,8255,5925,11719,7769,10066,6601
mmu-miR-455-3p,5263,4091,5879,5465,8289,6091,5915,4376
mmu-miR-452-5p,18,11,8,6,11,5,15,13
mmu-miR-452-3p,10,7,7,9,13,7,9,10
mmu-miR-451a,119,72,10,97,51,28,111,68
mmu-miR-450b-5p,1604,940,489,776,6056,4429,5873,2593
mmu-miR-450b-3p,2957,1662,2205,2229,5341,4009,4061,2623
mmu-miR-450a-5p,31004,19569,18069,22344,73612,57079,59804,27791
mmu-miR-450a-2-3p,127,134,107,83,253,139,194,128
mmu-miR-450a-1-3p,429,203,203,285,1334,1022,1053,526
mmu-miR-449c-5p,124,139,99,56,29,27,105,61
mmu-miR-449c-3p,1,5,1,1,1,0,2,0
mmu-miR-449a-5p,278,184,336,272,128,105,206,197
mmu-miR-449a-3p,22,36,16,12,4,4,4,3
mmu-miR-448-5p,0,0,8,9,0,0,1,0
mmu-miR-448-3p,2,0,233,129,1,0,5,4
mmu-miR-434-5p,71148,71722,98120,68772,71231,46328,135730,113773
mmu-miR-434-3p,64707,42062,60421,61910,59843,39553,96986,75364
mmu-miR-433-5p,2451,1463,2463,2499,1436,1219,2912,2119
mmu-miR-433-3p,14049,8720,14344,14898,8269,6159,12382,10414
mmu-miR-432,0,0,0,0,1,0,0,0
mmu-miR-431-5p,5846,4062,5687,5763,4393,2502,6476,6199
mmu-miR-431-3p,1662,1783,2669,1914,744,506,1528,1248
mmu-miR-429-3p,10,5,2,4,3,2,5,10
mmu-miR-425-5p,6941,4426,4871,4859,7518,3713,7973,5846
mmu-miR-425-3p,1187,681,1004,918,1277,663,1388,1181
mmu-miR-423-5p,10549,8111,12013,10132,7844,5454,9289,8403
mmu-miR-423-3p,24921,24316,32617,23065,14003,9404,17860,14692
mmu-miR-421-5p,15,10,4,14,10,12,15,8
mmu-miR-421-3p,3383,2286,2905,2429,1587,1224,2144,1823
mmu-miR-412-5p,781,604,890,883,469,356,874,764
mmu-miR-412-3p,64,42,73,67,62,34,69,74
mmu-miR-411-5p,68260,69021,103083,72592,68561,44461,104654,88731
mmu-miR-411-3p,14007,6544,8811,13323,15118,11002,23621,12888
mmu-miR-410-5p,109,47,99,101,46,33,76,37
mmu-miR-410-3p,24849,10503,20661,22967,15791,14145,34382,17179
mmu-miR-409-5p,23633,18612,27944,21194,24628,15611,44550,34368
mmu-miR-409-3p,12758,8385,11131,13326,11750,8772,18905,14349
mmu-miR-3968,777,401,486,607,850,576,399,828
mmu-miR-3964,1,0,1,0,0,0,0,0
mmu-miR-3963,0,0,2,1,3,5,3,3
mmu-miR-3960,1,0,2,4,2,0,0,2
mmu-miR-384-5p,3,0,8,12,0,0,7,2
mmu-miR-384-3p,0,2,4,6,0,2,5,3
mmu-miR-383-5p,72,70,265,150,509,433,860,518
mmu-miR-383-3p,0,0,0,4,1,9,19,17
mmu-miR-382-5p,16893,11469,12727,19096,19153,14048,26496,17984
mmu-miR-382-3p,9282,3754,5342,9628,12102,8189,15962,9141
mmu-miR-381-5p,114,50,55,69,87,79,109,66
mmu-miR-381-3p,28333,22683,30626,22396,32224,19957,44598,31231
mmu-miR-380-5p,1662,1235,1950,1692,1324,899,1998,1579
mmu-miR-380-3p,5029,4107,5553,4829,4026,2709,7541,6121
mmu-miR-379-5p,51485,27505,45112,52355,64963,46398,85615,58216
mmu-miR-379-3p,10012,5438,7671,9641,11349,7856,16571,9792
mmu-miR-378d,284,174,25,189,228,201,196,208
mmu-miR-378c,8389,7613,7401,5321,11005,5843,6866,5829
mmu-miR-378b,173,216,181,100,210,119,154,128
mmu-miR-378a-5p,1064,853,838,560,1579,646,862,754
mmu-miR-378a-3p,52724,42786,41942,26105,80605,41510,44076,37294
mmu-miR-377-5p,622,412,609,514,510,349,881,700
mmu-miR-377-3p,1569,729,1312,1574,1655,979,2933,1954
mmu-miR-376c-5p,50,23,17,33,37,26,87,27
mmu-miR-376c-3p,2380,1055,1526,2128,3362,1777,4003,2407
mmu-miR-376b-5p,535,442,532,1046,1365,759,1913,1048
mmu-miR-376b-3p,8471,3728,6785,7432,15243,9563,22005,15595
mmu-miR-376a-5p,496,453,597,693,808,527,1338,862
mmu-miR-376a-3p,1335,1118,1327,974,1982,1008,2831,2506
mmu-miR-375-3p,12,14,36,43,6,5,18,15
mmu-miR-374c-5p,18,5,4,15,21,10,29,10
mmu-miR-374c-3p,633,387,1,1,2,1,4,1
mmu-miR-374b-5p,7280,2986,3014,4858,9462,4661,8259,4481
mmu-miR-370-5p,168,91,167,205,167,93,267,175
mmu-miR-370-3p,3580,3371,5187,3905,5238,3673,8318,6180
mmu-miR-369-5p,1341,568,754,1216,1000,715,2019,1168
mmu-miR-369-3p,5552,2255,2015,5395,6896,5034,9917,4317
mmu-miR-365-3p,17527,11032,4850,21207,25038,15484,24905,12185
mmu-miR-365-2-5p,261,216,293,234,135,98,131,138
mmu-miR-365-1-5p,41,22,21,36,64,35,53,40
mmu-miR-363-5p,1,2,5,4,0,0,0,0
mmu-miR-363-3p,13,3,33,25,3,3,7,6
mmu-miR-3620-3p,0,0,1,0,0,0,0,0
mmu-miR-362-5p,6721,3796,2830,4739,16842,7532,9740,6900
mmu-miR-362-3p,4512,2237,3172,3659,8107,3827,4725,3844
mmu-miR-3618-5p,12,4,1,4,0,4,2,1
mmu-miR-3618-3p,6,4,2,6,0,1,0,5
mmu-miR-361-5p,14748,7642,9489,13209,11851,7333,12768,9783
mmu-miR-361-3p,3947,2531,3131,3694,2520,2020,3765,2462
mmu-miR-3572-5p,2,2,4,2,4,2,3,1
mmu-miR-3572-3p,9,5,2,8,3,3,4,6
mmu-miR-3569-5p,1,0,0,0,0,1,0,2
mmu-miR-3569-3p,2,2,3,1,1,0,1,0
mmu-miR-3552,0,1,17,2,0,0,1,0
mmu-miR-3547-3p,2,3,1,1,1,0,1,0
mmu-miR-3544-5p,1,0,0,0,1,0,0,0
mmu-miR-3535,525,492,355,376,800,410,599,370
mmu-miR-351-5p,30756,36815,36996,24815,58220,41006,53405,34465
mmu-miR-351-3p,1371,928,913,726,4330,2924,3848,2968
mmu-miR-350-5p,724,762,1004,707,712,451,742,568
mmu-miR-350-3p,8318,6034,6748,5716,7000,3510,8385,6830
mmu-miR-34c-5p,273200,226959,249227,214494,228512,163112,403478,351452
mmu-miR-34c-3p,2955,1447,1893,2051,1600,1140,3497,2860
mmu-miR-34b-5p,4514,2729,2308,2293,4288,3522,8931,7513
mmu-miR-34b-3p,14109,5836,5255,8583,10636,7665,16853,13449
mmu-miR-34a-5p,37280,24474,29679,34887,21090,12423,33903,30094
mmu-miR-34a-3p,304,276,281,242,223,114,270,224
mmu-miR-3475-3p,27,10,15,26,9,5,11,15
mmu-miR-3474,14,2,9,10,6,5,8,7
mmu-miR-3473h-5p,12,8,19,17,19,5,12,14
mmu-miR-3473g,4,3,2,2,6,2,3,4
mmu-miR-3473f,1,1,3,0,4,3,1,1
mmu-miR-3473e,35,53,42,21,115,58,81,44
mmu-miR-3473d,100,86,109,80,48,34,58,58
mmu-miR-3473c,0,0,0,1,0,0,0,1
mmu-miR-3473b,76,134,116,63,470,231,217,138
mmu-miR-3473a,92,101,106,53,66,42,77,113
mmu-miR-3472,0,0,0,0,1,0,0,0
mmu-miR-3471,0,1,1,2,4,2,0,0
mmu-miR-3470b,60,71,50,43,57,28,56,47
mmu-miR-3470a,28,33,20,19,17,19,32,19
mmu-miR-346-5p,79,40,124,94,27,13,50,56
mmu-miR-345-5p,3681,3811,3504,2538,3474,1497,3829,3688
mmu-miR-345-3p,2481,2211,2508,2188,1676,1007,2246,2054
mmu-miR-344i,0,0,2,0,0,1,1,1
mmu-miR-344g-3p,23,29,34,15,15,8,25,32
mmu-miR-344f-3p,0,0,1,0,0,0,0,0
mmu-miR-344e-3p,0,0,0,0,0,0,2,1
mmu-miR-344d-3p,328,198,296,356,57,60,128,114
mmu-miR-344d-3-5p,16,8,8,14,0,2,6,1
mmu-miR-344d-2-5p,1,1,0,1,0,0,0,0
mmu-miR-344d-1-5p,1,1,0,0,0,0,1,0
mmu-miR-344c-5p,0,0,0,0,0,0,0,1
mmu-miR-344c-3p,55,45,56,72,25,14,89,82
mmu-miR-344b-5p,0,0,0,1,0,0,0,0
mmu-miR-344b-3p,282,250,333,308,207,154,369,392
mmu-miR-344-5p,0,0,0,0,1,0,1,2
mmu-miR-344-3p,386,318,829,488,492,351,1054,912
mmu-miR-342-5p,254,151,148,179,432,247,182,157
mmu-miR-342-3p,17102,10452,8277,11389,23023,10875,14626,11944
mmu-miR-341-5p,154,284,270,126,157,80,355,209
mmu-miR-341-3p,18969,21158,27353,18594,21242,14473,38316,30616
mmu-miR-340-5p,24300,12367,16406,17559,42143,23528,27152,16850
mmu-miR-340-3p,855,532,374,644,966,568,789,457
mmu-miR-339-5p,9398,9273,9935,6445,15881,8073,10662,9805
mmu-miR-339-3p,725,820,841,594,861,412,613,556
mmu-miR-338-5p,263,96,75,68,29,8,19,37
mmu-miR-338-3p,353,326,129,131,31,25,43,48
mmu-miR-337-5p,16259,9423,16002,16220,15871,11221,24513,19215
mmu-miR-337-3p,2064,1814,2660,2165,2664,1509,3613,3378
mmu-miR-335-5p,15026,7143,10217,14392,26591,15375,33201,15954
mmu-miR-335-3p,6098,3535,3045,5816,14051,9680,29339,12775
mmu-miR-331-5p,740,642,812,647,583,374,1002,781
mmu-miR-331-3p,4730,4149,5171,4098,5091,2894,6232,5320
mmu-miR-330-5p,390,326,339,309,376,206,335,336
mmu-miR-330-3p,511,382,512,369,443,241,426,330
mmu-miR-33-5p,213,201,156,104,750,425,831,754
mmu-miR-33-3p,113,70,68,84,211,98,190,173
mmu-miR-329-5p,22797,20539,30806,24285,8270,8809,25769,19567
mmu-miR-329-3p,13245,5401,6228,11983,13743,9241,18621,13034
mmu-miR-328-5p,10,2,12,7,8,9,6,21
mmu-miR-328-3p,5396,4314,5781,4899,4240,2475,4840,4898
mmu-miR-326-5p,6,3,4,4,1,0,0,6
mmu-miR-326-3p,882,1057,775,571,2907,1119,1017,1243
mmu-miR-325-5p,1,2,10,3,0,0,6,2
mmu-miR-325-3p,4,0,4,1,1,2,6,4
mmu-miR-324-5p,1647,1938,1947,1473,1432,735,1687,1578
mmu-miR-324-3p,732,693,727,530,602,368,646,664
mmu-miR-323-5p,11,11,14,16,17,12,11,11
mmu-miR-323-3p,1563,807,1271,1541,1721,1096,1976,1423
mmu-miR-322-5p,7774,4249,3393,3836,37422,22847,30142,18004
mmu-miR-322-3p,27917,17917,17900,17633,92844,56439,83082,42448
mmu-miR-320-5p,1,0,2,1,0,2,1,1
mmu-miR-320-3p,17221,11057,16971,14606,17104,11727,14815,11523
mmu-miR-32-5p,2127,1214,1208,1348,2087,1230,2699,1972
mmu-miR-32-3p,234,115,69,118,214,133,204,94
mmu-miR-3154,4,4,4,8,9,4,8,11
mmu-miR-3113-5p,8,3,2,2,1,0,1,5
mmu-miR-3113-3p,0,0,0,0,1,0,0,0
mmu-miR-3112-5p,2,0,3,5,1,1,6,3
mmu-miR-3112-3p,2,1,0,1,1,1,2,0
mmu-miR-3110-5p,159,217,201,124,66,32,138,111
mmu-miR-3110-3p,3,7,2,1,1,0,1,2
mmu-miR-3109-5p,77,79,87,67,33,25,48,44
mmu-miR-3109-3p,106,101,147,97,62,50,79,91
mmu-miR-3108-5p,55,31,40,42,34,11,36,21
mmu-miR-3108-3p,4,3,2,2,1,0,1,3
mmu-miR-3105-5p,3,1,3,2,1,0,0,0
mmu-miR-3105-3p,36,27,40,23,0,3,27,13
mmu-miR-3103-5p,2,0,1,1,1,0,2,0
mmu-miR-3103-3p,11,7,6,3,6,7,5,3
mmu-miR-3102-5p.2-5p,202,161,209,170,141,92,135,134
mmu-miR-3102-5p,7,4,8,14,6,0,7,0
mmu-miR-3102-3p.2-3p,173,218,245,173,103,63,166,172
mmu-miR-3102-3p,4580,5641,5588,3892,2120,1306,3254,2740
mmu-miR-3101-5p,9,0,3,7,14,4,4,10
mmu-miR-3101-3p,2,1,1,0,1,0,1,2
mmu-miR-3100-5p,2,3,2,0,1,2,2,2
mmu-miR-31-5p,34903,32610,33446,27711,26987,19491,47338,37224
mmu-miR-31-3p,2955,3067,2266,1882,2341,1419,4826,3445
mmu-miR-30e-5p,150004,125763,138233,107950,206995,114754,228519,169769
mmu-miR-30e-3p,3509,2068,1667,2856,3917,2702,4792,2417
mmu-miR-30d-5p,183629,139811,183449,152838,162924,89224,149170,123224
mmu-miR-30d-3p,1516,1006,1102,1244,1160,753,1214,821
mmu-miR-30c-5p,83694,56730,54511,36641,74045,60512,143510,78477
mmu-miR-30c-2-3p,2201,1694,1833,1664,1008,770,1358,939
mmu-miR-30c-1-3p,235,189,181,187,251,155,256,190
mmu-miR-30b-5p,26826,14473,14769,16108,43483,19279,35859,24844
mmu-miR-30b-3p,1253,881,883,832,740,453,681,543
mmu-miR-30a-5p,254841,241395,270450,199737,172475,110314,235885,195012
mmu-miR-30a-3p,6677,4143,3665,5540,4317,3198,6095,3655
mmu-miR-3099-3p,10,2,6,5,12,3,8,11
mmu-miR-3098-5p,21,14,11,4,6,2,12,5
mmu-miR-3098-3p,21,18,17,12,13,4,11,13
mmu-miR-3097-5p,7,7,7,11,8,2,10,12
mmu-miR-3097-3p,8,2,14,14,6,4,8,7
mmu-miR-3095-5p,26,20,8,21,15,12,26,15
mmu-miR-3095-3p,182,136,152,144,87,75,115,76
mmu-miR-3094-5p,20,7,8,8,10,4,11,15
mmu-miR-3094-3p,0,3,0,4,3,0,1,2
mmu-miR-3093-5p,2,0,0,0,0,0,0,0
mmu-miR-3092-5p,1,0,0,0,0,0,0,0
mmu-miR-3092-3p,18,21,14,15,9,2,11,13
mmu-miR-3091-5p,4,4,2,0,0,0,3,7
mmu-miR-3091-3p,38,59,46,27,15,17,24,17
mmu-miR-3090-5p,0,0,0,0,0,0,0,2
mmu-miR-3090-3p,6,1,2,4,14,6,12,11
mmu-miR-3089-5p,8,0,0,2,0,0,0,0
mmu-miR-3089-3p,50,47,55,57,9,8,32,30
mmu-miR-3088-5p,0,1,0,0,0,0,0,1
mmu-miR-3088-3p,9,0,2,7,5,4,5,1
mmu-miR-3087-5p,1,0,2,0,0,0,0,0
mmu-miR-3087-3p,0,3,0,0,1,0,0,0
mmu-miR-3086-5p,14,6,5,4,3,2,7,0
mmu-miR-3086-3p,3,1,0,0,2,0,0,0
mmu-miR-3085-5p,1,0,0,0,0,0,0,0
mmu-miR-3085-3p,3,0,6,1,0,0,0,0
mmu-miR-3084-5p,33,21,13,24,20,19,40,22
mmu-miR-3084-3p,104,113,65,70,88,47,106,86
mmu-miR-3083b-5p,1,0,0,2,0,0,0,2
mmu-miR-3083b-3p,0,0,0,0,0,0,1,2
mmu-miR-3083-5p,7,4,10,9,7,11,8,5
mmu-miR-3083-3p,3,0,1,0,3,1,1,2
mmu-miR-3082-5p,1,3,1,3,4,0,2,3
mmu-miR-3082-3p,21,21,19,23,20,6,24,15
mmu-miR-3081-5p,2,0,2,2,2,1,6,0
mmu-miR-3081-3p,414,479,552,356,256,170,325,249
mmu-miR-3080-5p,15,4,8,10,8,6,9,12
mmu-miR-3080-3p,19,10,4,7,6,3,4,5
mmu-miR-3079-5p,12,10,6,8,14,11,10,12
mmu-miR-3079-3p,2,1,0,4,6,0,6,4
mmu-miR-3078-5p,0,0,8,2,0,0,1,0
mmu-miR-3077-5p,3,9,8,5,1,1,1,1
mmu-miR-3077-3p,3,6,7,10,3,2,7,4
mmu-miR-3076-5p,3,8,5,4,6,3,5,5
mmu-miR-3076-3p,27,21,16,21,24,9,23,21
mmu-miR-3075-5p,28,29,33,24,6,1,7,11
mmu-miR-3075-3p,0,0,0,1,0,0,0,0
mmu-miR-3074-5p,45,19,40,28,29,8,15,15
mmu-miR-3074-2-3p,0,0,0,3,0,1,0,1
mmu-miR-3074-1-3p,17,6,9,4,6,4,4,1
mmu-miR-3073a-5p,0,0,0,0,0,0,1,0
mmu-miR-3073a-3p,10,8,4,10,26,22,52,34
mmu-miR-3072-5p,18,40,56,40,22,19,43,28
mmu-miR-3072-3p,623,766,1191,800,639,332,1067,924
mmu-miR-3071-3p,1,0,0,0,0,0,0,0
mmu-miR-3070-5p,2,6,11,2,4,1,15,3
mmu-miR-3070-3p,11,13,12,7,14,7,26,28
mmu-miR-3070-2-3p,11,3,1,9,5,6,22,13
mmu-miR-3069-5p,5,8,9,13,6,7,8,14
mmu-miR-3069-3p,20,21,22,21,19,7,32,25
mmu-miR-3068-5p,7355,6873,9550,6286,5887,3536,9428,9602
mmu-miR-3068-3p,1387,1047,1454,1353,1052,626,1347,1165
mmu-miR-3067-5p,1,0,1,4,3,0,0,2
mmu-miR-3067-3p,0,1,2,1,1,0,0,0
mmu-miR-3066-5p,100,50,38,72,67,43,76,52
mmu-miR-3066-3p,23,15,10,13,9,5,6,3
mmu-miR-3065-5p,15,18,28,17,10,9,5,9
mmu-miR-3065-3p,1,0,0,3,0,0,2,0
mmu-miR-3064-5p,30,19,29,37,35,12,37,21
mmu-miR-3064-3p,30,23,30,32,24,7,33,41
mmu-miR-3063-5p,0,1,3,1,0,0,0,3
mmu-miR-3063-3p,21,24,23,15,3,0,14,2
mmu-miR-3062-5p,39,18,31,35,15,11,26,17
mmu-miR-3061-5p,27,21,29,35,19,13,32,38
mmu-miR-3061-3p,49,46,47,38,6,9,8,18
mmu-miR-3060-5p,1,2,1,0,0,0,0,0
mmu-miR-3060-3p,47,32,52,41,33,18,30,37
mmu-miR-3059-5p,11,5,1,1,32,12,6,5
mmu-miR-3058-5p,23,23,23,16,20,9,26,22
mmu-miR-3058-3p,7,6,5,7,1,5,8,6
mmu-miR-3057-5p,29,26,28,21,18,10,25,11
mmu-miR-3057-3p,42,37,40,55,8,13,22,31
mmu-miR-302d-3p,0,1,2,1,0,0,0,0
mmu-miR-302b-3p,0,0,0,0,0,0,0,1
mmu-miR-301b-5p,11,11,5,14,19,6,6,9
mmu-miR-301b-3p,93,67,68,63,144,46,91,87
mmu-miR-301a-5p,1429,1454,1662,1189,593,419,998,859
mmu-miR-301a-3p,6337,5114,5269,4933,4072,2049,5257,4227
mmu-miR-300-5p,296,241,268,283,334,175,432,303
mmu-miR-300-3p,46375,40983,61025,45010,40364,28428,66390,53963
mmu-miR-29c-5p,116,67,106,77,83,52,123,121
mmu-miR-29c-3p,2049,1562,2404,1852,2190,1161,2491,2288
mmu-miR-29b-3p,4003,3589,4459,4149,3695,2026,6069,5177
mmu-miR-29b-2-5p,216,171,263,205,188,132,235,198
mmu-miR-29b-1-5p,246,156,59,182,83,107,147,92
mmu-miR-29a-5p,617,469,355,508,418,216,483,388
mmu-miR-29a-3p,461087,308066,457418,423911,215755,141626,363263,354451
mmu-miR-299b-5p,5,4,4,3,3,5,14,4
mmu-miR-299b-3p,19,12414,6,11,30,14,38,26
mmu-miR-299a-5p,8378,4180,5275,7424,8773,5314,13531,9223
mmu-miR-299a-3p,15956,12418,17925,15363,19614,13289,32370,24203
mmu-miR-298-5p,18974,16154,19995,14856,9399,6771,16816,13354
mmu-miR-298-3p,120,157,124,86,44,23,64,47
mmu-miR-297c-5p,19,21,21,14,10,4,28,30
mmu-miR-297c-3p,423,163,239,367,405,225,633,378
mmu-miR-297b-5p,102,72,113,96,68,65,179,135
mmu-miR-297b-3p,423,163,239,367,405,225,633,378
mmu-miR-297a-5p,117,88,116,100,71,40,142,98
mmu-miR-297a-3p,423,163,239,367,405,225,633,378
mmu-miR-296-5p,3350,2496,3755,3272,2476,1225,2672,2771
mmu-miR-296-3p,8337,10533,10192,6650,4396,3047,6247,5649
mmu-miR-295-5p,1,0,1,0,0,0,0,0
mmu-miR-295-3p,3,0,2,2,7,3,9,3
mmu-miR-294-5p,0,0,0,0,0,0,1,1
mmu-miR-294-3p,0,0,0,1,0,0,3,2
mmu-miR-293-5p,1,0,1,0,0,0,0,0
mmu-miR-293-3p,9,3,1,1,5,3,2,9
mmu-miR-292b-5p,0,0,2,0,0,0,0,0
mmu-miR-292a-5p,3,0,4,0,4,5,3,6
mmu-miR-292a-3p,0,0,0,0,1,2,0,1
mmu-miR-291a-5p,1,0,0,0,1,1,0,0
mmu-miR-291a-3p,0,0,0,0,2,0,0,0
mmu-miR-290a-5p,0,0,0,0,2,3,2,0
mmu-miR-28c,5,5538,2,1,1,3,1,1
mmu-miR-28a-5p,12424,5554,7027,10926,10827,7873,12446,8675
mmu-miR-28a-3p,8329,6606,9427,9346,7028,4717,8223,5695
mmu-miR-27b-5p,3409,2383,2643,2466,1345,1024,2187,1656
mmu-miR-27b-3p,870768,505177,636481,655001,642366,418774,774149,595353
mmu-miR-27a-5p,5934,5640,6802,5566,2079,1192,2491,2113
mmu-miR-27a-3p,113416,74531,105950,98128,75731,43699,90499,83941
mmu-miR-26b-5p,91044,42697,29969,78233,92042,61758,109100,45197
mmu-miR-26b-3p,416,272,248,252,292,189,403,317
mmu-miR-26a-5p,519150,271249,326283,399439,434546,282585,477591,289525
mmu-miR-26a-2-3p,1012,518,261,644,695,465,812,386
mmu-miR-26a-1-3p,177,89,77,103,93,55,102,55
mmu-miR-25-5p,414,398,402,269,189,98,216,197
mmu-miR-25-3p,69694,51512,61967,58776,47772,29914,46333,39195
mmu-miR-24-3p,197850,175429,213947,166530,112562,63457,171118,153656
mmu-miR-24-2-5p,10940,9599,13952,13068,7080,3859,10418,9498
mmu-miR-24-1-5p,646,463,514,503,521,326,852,770
mmu-miR-23b-5p,897,561,703,857,316,233,288,382
mmu-miR-23b-3p,129000,79964,90073,94340,78619,43615,105687,87719
mmu-miR-23a-5p,125,92,155,138,42,22,43,57
mmu-miR-23a-3p,295843,155838,176116,238772,135535,74419,196165,151055
mmu-miR-224-5p,3111,1757,1289,2808,3352,2581,3367,1980
mmu-miR-224-3p,33,13,18,17,19,8,26,12
mmu-miR-223-5p,260,126,32,59,1281,612,399,335
mmu-miR-223-3p,4857,1584,366,754,24258,9190,5598,5547
mmu-miR-222-5p,587,478,442,416,331,206,311,273
mmu-miR-222-3p,39572,35523,39306,29950,16384,12870,25427,24109
mmu-miR-221-5p,4170,3065,2478,3117,4092,2439,4689,3476
mmu-miR-221-3p,118161,86835,121899,119116,53825,38192,72105,67929
mmu-miR-22-5p,7203,4295,4883,7950,4540,2878,6540,5119
mmu-miR-22-3p,660644,434778,733329,632366,298684,193820,470806,458532
mmu-miR-21c,0,1,0,1,1,0,1,1
mmu-miR-21a-5p,3937820,2535738,5251157,3400740,7602399,4232036,4508334,5981013
mmu-miR-21a-3p,9937,5210,13597,12787,13446,15007,10923,8570
mmu-miR-219c-5p,37,30,39,31,21,11,24,16
mmu-miR-219c-3p,2,1,1,1,2,1,0,4
mmu-miR-219b-5p,3,4,6,6,1,3,0,1
mmu-miR-219b-3p,6,3,11,7,5,0,9,9
mmu-miR-219a-5p,10,10,12,6,23,10,31,18
mmu-miR-219a-2-3p,0,0,2,2,0,1,1,0
mmu-miR-219a-1-3p,91,73,107,81,44,41,61,68
mmu-miR-218-5p,14168,8191,8428,8870,10262,6962,9582,6860
mmu-miR-218-2-3p,32,27,16,8,11,6,9,10
mmu-miR-218-1-3p,68,40,37,65,101,49,59,57
mmu-miR-217-5p,0,3,4,15,2,0,1,0
mmu-miR-216c-5p,3,1,0,1,0,0,1,0
mmu-miR-216c-3p,1,1,0,2,0,0,0,0
mmu-miR-216b-5p,0,0,0,2,1,1,0,0
mmu-miR-216b-3p,0,0,0,3,0,0,1,0
mmu-miR-216a-5p,0,0,0,4,0,0,1,1
mmu-miR-215-5p,128,72,109,113,28,18,58,81
mmu-miR-215-3p,2,1,1,2,0,0,1,0
mmu-miR-214-5p,8402,7220,9644,7530,5569,3146,8154,6874
mmu-miR-214-3p,96617,75906,99919,88280,76524,36693,93318,80872
mmu-miR-2136,0,1,0,0,0,0,0,0
mmu-miR-212-5p,1596,1029,1414,1231,485,357,973,889
mmu-miR-212-3p,903,825,846,729,313,201,419,493
mmu-miR-211-5p,1,0,1,2,1,0,1,1
mmu-miR-210-5p,73,58,65,51,186,78,118,92
mmu-miR-210-3p,13105,8415,9090,7463,29861,13591,23470,16902
mmu-miR-20b-5p,3,9,7,7,0,1,11,4
mmu-miR-20b-3p,0,0,0,1,0,0,0,0
mmu-miR-20a-5p,66947,38063,40035,39086,35125,20191,22286,16813
mmu-miR-20a-3p,245,139,143,162,102,53,89,61
mmu-miR-208b-3p,0,1,0,6,0,0,0,0
mmu-miR-208a-3p,0,0,0,1,0,0,2,0
mmu-miR-207,0,1,0,0,0,0,0,0
mmu-miR-206-5p,2,0,0,0,0,0,0,0
mmu-miR-206-3p,0,1,0,4,3,0,0,1
mmu-miR-205-5p,15,17,47,18,9,9,42,16
mmu-miR-204-5p,286,155,2344,2239,1248,810,4316,1945
mmu-miR-204-3p,1,0,31,9,8,0,15,7
mmu-miR-203b-3p,0,0,0,1,2,1,1,5
mmu-miR-203-5p,0,0,0,0,6,1,6,5
mmu-miR-203-3p,537,250,352,338,1556,1063,1551,806
mmu-miR-202-5p,1,1,0,2,1,0,0,0
mmu-miR-201-5p,1,0,2,2,13,13,25,30
mmu-miR-201-3p,0,0,0,0,0,1,0,0
mmu-miR-200c-5p,1,1,0,0,1,0,0,0
mmu-miR-200c-3p,78,39,38,64,146,55,73,37
mmu-miR-200b-5p,2,0,1,0,3,0,1,1
mmu-miR-200b-3p,68,32,33,53,49,32,59,54
mmu-miR-200a-5p,1,1,0,0,0,0,0,1
mmu-miR-200a-3p,97,95,109,84,35,21,79,129
mmu-miR-1b-5p,4,4,0,9,2,4,5,1
mmu-miR-1b-3p,22,12,14,17,14,8,9,11
mmu-miR-1a-3p,0,0,0,0,0,0,1,0
mmu-miR-1a-2-5p,0,1,2,0,1,0,0,1
mmu-miR-1a-1-5p,0,0,0,1,0,0,0,0
mmu-miR-19b-3p,50577,28921,33100,34873,23801,11111,18974,15479
mmu-miR-19b-1-5p,80,60,51,57,35,21,37,32
mmu-miR-19a-5p,4,3,3,3,4,2,2,6
mmu-miR-19a-3p,14042,8008,7419,7836,6539,3160,5332,4186
mmu-miR-199b-5p,196211,132751,121131,98355,254331,174166,283280,227353
mmu-miR-199b-3p,1247618,627242,937492,1162117,1411012,1000195,1788693,1093936
mmu-miR-199a-5p,1956056,1587537,2488408,1777073,1472280,900246,1947022,1728886
mmu-miR-199a-3p,1247618,627242,937492,1162117,1411012,1000195,1788693,1093936
mmu-miR-1983,24763,14744,17980,18835,5152,4187,11901,10394
mmu-miR-1982-5p,0,1,0,1,0,0,0,0
mmu-miR-1982-3p,19,23,13,22,25,24,31,36
mmu-miR-1981-5p,886,797,1126,981,674,427,588,481
mmu-miR-1981-3p,444,360,471,403,343,215,430,302
mmu-miR-1970c-5p,3,2,5,2,1,4,4,0
mmu-miR-1970c-3p,3,0,1,2,1,0,0,1
mmu-miR-1970b-5p,10,4,6,11,0,0,3,3
mmu-miR-1970,0,1,0,1,1,0,2,0
mmu-miR-196b-5p,3,1,0,1,1,7,9,2
mmu-miR-196a-5p,49,72,4,33,65,69,98,61
mmu-miR-196a-1-3p,11,4,1,2,5,9,16,22
mmu-miR-1969,24,17,16,25,19,10,24,12
mmu-miR-1968-5p,5,4,8,5,3,0,7,1
mmu-miR-1967,0,0,2,0,1,0,0,0
mmu-miR-1966-5p,3,1,1,2,1,2,3,3
mmu-miR-1966-3p,3,7,3,2,4,4,4,7
mmu-miR-1964-5p,0,0,3,0,5,1,2,0
mmu-miR-1964-3p,178,167,179,151,128,80,107,130
mmu-miR-1960,8,8,5,11,2,1,3,7
mmu-miR-195a-5p,2116,750,1100,1324,5538,2468,4243,2559
mmu-miR-195a-3p,164,104,109,97,240,140,230,199
mmu-miR-1958,5,1,4,4,4,4,4,3
mmu-miR-1956,3,0,0,0,1,1,0,0
mmu-miR-1955-5p,86,78,72,83,49,34,63,54
mmu-miR-1955-3p,13,19,23,16,9,2,11,12
mmu-miR-1954,16,14,7,6,6,2,14,7
mmu-miR-1953,38,33,23,25,27,27,26,27
mmu-miR-1951,2,1,0,0,0,0,1,0
mmu-miR-1950,6,5,12,11,9,5,11,4
mmu-miR-1949,78,86,80,51,47,22,52,36
mmu-miR-1948-5p,95,36,31,45,107,67,75,56
mmu-miR-1948-3p,101,49,53,54,72,61,81,63
mmu-miR-1947-5p,5,6,12,8,19,6,15,7
mmu-miR-1946b,17,13,20,14,1,0,12,10
mmu-miR-1946a,16,18,13,15,1,2,8,8
mmu-miR-1945,71,59,88,73,15,17,33,42
mmu-miR-1943-5p,224,187,312,210,190,101,215,206
mmu-miR-1943-3p,97,118,127,66,53,40,69,75
mmu-miR-1941-5p,0,1,1,2,1,0,1,0
mmu-miR-1941-3p,7,9,0,11,6,2,5,4
mmu-miR-194-5p,8383,6003,7935,7502,5583,3326,6794,4904
mmu-miR-194-2-3p,31,25,9,25,15,7,22,10
mmu-miR-194-1-3p,0,2,2,0,0,0,1,1
mmu-miR-193b-5p,106,73,66,63,205,117,170,141
mmu-miR-193b-3p,2957,2424,2343,1911,8009,3667,7394,5973
mmu-miR-193a-5p,1353,989,1925,1762,788,551,886,789
mmu-miR-193a-3p,326,280,382,274,961,466,488,424
mmu-miR-1938,5,10,2,6,5,4,2,1
mmu-miR-1936,1,1,1,1,0,0,1,0
mmu-miR-1934-5p,43,43,47,31,32,26,19,32
mmu-miR-1934-3p,13,3,8,5,7,4,1,3
mmu-miR-1933-5p,6,4,2,12,6,4,9,2
mmu-miR-1933-3p,21,24,21,14,8,7,17,9
mmu-miR-1932,1,0,1,1,0,1,2,1
mmu-miR-1931,9,20,7,7,8,6,5,10
mmu-miR-1930-5p,47,40,37,39,39,22,46,54
mmu-miR-1930-3p,4,5,6,6,1,2,3,2
mmu-miR-1929-5p,17,8,5,8,13,9,17,15
mmu-miR-1929-3p,1,0,1,0,1,0,1,0
mmu-miR-1927,6,9,11,4,3,1,5,0
mmu-miR-192-5p,4967,3471,4610,3885,3420,2114,4455,3374
mmu-miR-192-3p,10,1,4,3,1,0,4,4
mmu-miR-1912-5p,0,2,29,9,0,0,0,1
mmu-miR-1912-3p,1,0,16,9,0,0,5,2
mmu-miR-191-5p,114373,81293,126281,101514,113540,71293,126387,108532
mmu-miR-191-3p,257,153,189,200,179,117,277,202
mmu-miR-190b-5p,154,109,71,142,95,55,167,77
mmu-miR-190b-3p,14,3,9,8,5,5,4,10
mmu-miR-190a-5p,3165,2339,1892,2613,1445,1002,3254,1924
mmu-miR-190a-3p,158,121,102,110,99,65,153,127
mmu-miR-1902,0,0,0,0,0,1,0,0
mmu-miR-18b-5p,1,2,3,3,0,1,0,0
mmu-miR-18b-3p,0,1,0,0,0,0,0,0
mmu-miR-18a-5p,5758,4104,3974,3664,1960,1140,1667,1397
mmu-miR-18a-3p,151,175,183,141,93,31,70,61
mmu-miR-1895,2,2,5,1,14,15,7,13
mmu-miR-1893,0,1,0,0,0,0,0,0
mmu-miR-188-5p,239,209,165,136,699,295,519,412
mmu-miR-188-3p,65,61,42,26,141,55,96,96
mmu-miR-187-5p,5,8,8,10,2,1,10,14
mmu-miR-187-3p,81,66,115,93,70,39,117,112
mmu-miR-186-5p,36213,27552,34782,31748,20979,12290,26220,20946
mmu-miR-186-3p,263,168,117,157,145,109,160,168
mmu-miR-185-5p,18801,12756,22408,17824,19799,11662,17749,14558
mmu-miR-185-3p,275,354,407,273,221,142,238,237
mmu-miR-1843b-5p,2097,1574,2502,2062,1639,1130,2502,2190
mmu-miR-1843b-3p,202,140,179,194,211,131,248,216
mmu-miR-1843a-5p,2134,1604,2444,2053,1837,1298,2715,2401
mmu-miR-1843a-3p,76,49,75,88,124,96,151,97
mmu-miR-184-5p,1,0,0,0,0,1,1,5
mmu-miR-184-3p,264,171,213,257,1821,1340,2520,2121
mmu-miR-1839-5p,4995,2446,3021,4694,5900,3947,6219,3656
mmu-miR-1839-3p,426,260,337,322,430,221,474,419
mmu-miR-183-5p,401,205,2943,1481,342,228,824,407
mmu-miR-183-3p,3,0,12,3,4,1,4,0
mmu-miR-182-5p,720,460,4169,2382,565,342,1205,641
mmu-miR-182-3p,0,0,4,3,0,0,0,0
mmu-miR-181d-5p,5018,3901,4236,4825,3343,2399,4739,2943
mmu-miR-181d-3p,15,17,18,12,9,6,19,14
mmu-miR-181c-5p,5315,3402,4560,4442,1609,1055,2489,2120
mmu-miR-181c-3p,544,432,525,418,596,345,600,435
mmu-miR-181b-5p,31576,23020,35442,33428,36213,23310,47853,32534
mmu-miR-181b-2-3p,34,24,26,36,26,26,39,39
mmu-miR-181b-1-3p,323,189,289,301,330,193,410,271
mmu-miR-181a-5p,89545,63436,111315,91866,87642,52649,147468,93451
mmu-miR-181a-2-3p,277,178,251,207,509,362,614,544
mmu-miR-181a-1-3p,2897,1921,3073,2706,3614,2245,4733,3243
mmu-miR-17-5p,39864,25706,26961,22450,16449,8965,11841,9855
mmu-miR-17-3p,8111,6711,6913,5292,3793,1856,2995,2976
mmu-miR-16-5p,55473,29439,27061,33048,110594,50775,63739,42300
mmu-miR-16-2-3p,717,423,377,461,569,285,565,414
mmu-miR-16-1-3p,1990,1837,1126,886,2517,1771,2068,1568
mmu-miR-15b-5p,19766,8865,8732,11917,19356,12700,21382,13837
mmu-miR-15b-3p,4586,2752,2684,2762,4061,2454,4355,2970
mmu-miR-15a-5p,6810,4202,3893,3969,11475,6630,7616,5468
mmu-miR-15a-3p,483,570,276,195,628,369,472,428
mmu-miR-155-5p,9609,4463,2602,6341,1634,1076,4213,2272
mmu-miR-155-3p,49,21,27,22,5,2,8,15
mmu-miR-154-5p,3646,2614,3637,3233,4540,1736,4904,4742
mmu-miR-154-3p,2415,1185,1555,2219,3515,2018,5752,3798
mmu-miR-153-5p,0,1,2,1,0,0,2,5
mmu-miR-153-3p,9,1,55,35,3,3,32,19
mmu-miR-152-5p,4242,3982,4605,3076,4222,2487,5767,4508
mmu-miR-152-3p,225022,141602,183663,163975,277357,175378,325003,225147
mmu-miR-151-5p,52815,33265,44149,45288,45409,31099,50924,40455
mmu-miR-151-3p,14828,16273,18256,11764,9170,5595,12292,9856
mmu-miR-150-5p,39,25,23,47,38,31,44,34
mmu-miR-150-3p,1,0,3,3,0,0,1,1
mmu-miR-149-5p,12960,9064,11004,10433,7565,4799,9824,9217
mmu-miR-149-3p,10,4,2,5,9,6,12,12
mmu-miR-148b-5p,597,386,308,438,430,235,594,417
mmu-miR-148b-3p,23247,13688,17884,17730,12493,9794,20963,15366
mmu-miR-148a-5p,1773,1147,1128,877,1748,989,1676,1282
mmu-miR-148a-3p,277302,199313,223682,194949,229593,161409,251354,173678
mmu-miR-147-5p,33,8,25,15,20,16,40,14
mmu-miR-147-3p,238,160,159,134,159,103,206,153
mmu-miR-146b-5p,7741,4101,3822,3503,13745,8135,12358,7564
mmu-miR-146b-3p,40,35,31,23,44,29,49,39
mmu-miR-146a-5p,10010,4049,4043,4853,50130,19274,11860,11716
mmu-miR-146a-3p,9,5,1,9,44,26,13,19
mmu-miR-145b,1,4,0,3,1,2,0,1
mmu-miR-145a-5p,87569,73165,57876,96557,76632,35643,91049,75619
mmu-miR-145a-3p,16928,9708,10300,15143,9537,7070,15552,9499
mmu-miR-144-5p,14,13,5,26,12,7,24,10
mmu-miR-144-3p,28,27,9,75,15,14,30,33
mmu-miR-143-5p,28636,28005,37036,29176,14647,8865,22149,16994
mmu-miR-143-3p,1431213,1364058,1794562,1377065,698538,514956,1264154,861441
mmu-miR-142b,0,0,0,0,1,0,0,0
mmu-miR-142a-5p,7345,2500,1091,1414,41278,16110,9769,10061
mmu-miR-142a-3p,2036,752,208,359,9891,4071,2384,2312
mmu-miR-141-5p,0,0,0,0,1,0,0,0
mmu-miR-141-3p,23,19,14,14,51,16,29,31
mmu-miR-140-5p,39358,27072,30741,32321,30231,20857,28415,18412
mmu-miR-140-3p,135200,112157,148300,109992,148686,86609,112523,75112
mmu-miR-139-5p,270,117,104,155,185,87,97,77
mmu-miR-139-3p,1,4,5,3,7,0,1,3
mmu-miR-138-5p,97,98,147,66,92,72,134,128
mmu-miR-138-2-3p,4,5,1,4,3,4,7,11
mmu-miR-137-3p,23,9,25,21,7,10,12,12
mmu-miR-136-5p,3674,2305,2884,3394,6495,3955,10983,8193
mmu-miR-136-3p,32487,20437,28591,31237,38427,24084,59530,45771
mmu-miR-135b-5p,9,5,0,4,2,1,6,6
mmu-miR-135a-5p,615,372,1567,1580,137,152,1186,574
mmu-miR-135a-2-3p,19,11,66,45,6,6,43,15
mmu-miR-134-5p,14228,11095,18259,15170,15040,10163,24512,20421
mmu-miR-134-3p,431,432,612,444,368,202,691,603
mmu-miR-133b-5p,0,0,0,1,0,0,1,0
mmu-miR-133b-3p,2,7,9,863,9,4,20,30
mmu-miR-133a-5p,25,16,30,82,20,19,54,30
mmu-miR-133a-3p,288,221,374,1990,364,197,492,457
mmu-miR-132-5p,1488,938,1294,1230,440,327,952,793
mmu-miR-132-3p,7988,6470,8763,7446,1516,1199,2811,2765
mmu-miR-130b-5p,410,191,143,259,683,421,515,334
mmu-miR-130b-3p,246,138,223,172,554,247,259,258
mmu-miR-130a-5p,290,188,186,221,203,131,310,231
mmu-miR-130a-3p,10056,7117,9764,8728,10036,5279,11471,8859
mmu-miR-1306-5p,346,244,275,261,241,130,241,251
mmu-miR-1306-3p,85,41,58,68,38,28,27,39
mmu-miR-129b-5p,0,2,1,0,1,1,0,1
mmu-miR-1298-5p,1,8,3838,1156,0,2,126,53
mmu-miR-1298-3p,1,0,82,37,0,0,5,3
mmu-miR-1291,122,146,84,89,32,32,66,58
mmu-miR-129-5p,6088,4850,4741,4419,663,565,1480,1155
mmu-miR-129-2-3p,7211,4134,4760,4834,1664,893,2957,2698
mmu-miR-129-1-3p,78,23,78,63,11,7,32,24
mmu-miR-128-3p,2737,1610,1966,2400,2107,1605,1943,1754
mmu-miR-128-2-5p,0,0,0,1,0,0,0,0
mmu-miR-128-1-5p,55,54,44,37,42,17,37,48
mmu-miR-1271-3p,0,0,0,0,1,0,0,0
mmu-miR-127-5p,30201,28063,33288,25337,27040,19619,51970,39228
mmu-miR-127-3p,227215,241387,351152,245956,226533,143410,387630,298813
mmu-miR-126b-5p,3,4,3,5,2,1,2,7
mmu-miR-126b-3p,9,2,0,4,6,1,2,3
mmu-miR-126a-5p,991,516,463,563,336,191,435,280
mmu-miR-126a-3p,1851,929,1027,1219,607,352,684,423
mmu-miR-1264-5p,0,1,2,4,0,0,1,0
mmu-miR-1264-3p,2,3,286,105,0,0,23,5
mmu-miR-125b-5p,1685354,877185,699315,1289876,1228620,813284,1444180,1152543
mmu-miR-125b-2-3p,6043,4732,6903,4990,12267,6920,10326,8814
mmu-miR-125b-1-3p,61673,64734,63907,51528,19089,12270,34902,27406
mmu-miR-125a-5p,64238,38760,30872,58187,71276,49322,76275,60792
mmu-miR-125a-3p,1351,932,1214,1023,866,572,1165,942
mmu-miR-1258-5p,1,2,5,1,1,0,0,5
mmu-miR-1258-3p,0,2,2,1,0,0,2,1
mmu-miR-1251-5p,4,8,19,14,0,1,12,9
mmu-miR-1251-3p,0,0,0,4,0,0,1,0
mmu-miR-124b-3p,3,2,0,0,2,0,0,2
mmu-miR-1249-5p,0,1,1,2,2,1,4,2
mmu-miR-1249-3p,337,639,645,317,1095,411,527,443
mmu-miR-1247-5p,772,631,303,204,137,93,85,81
mmu-miR-1247-3p,153,119,51,35,25,10,10,12
mmu-miR-124-5p,71,44,171,91,4,7,44,20
mmu-miR-124-3p,298,345,5684,2669,45,31,1293,581
mmu-miR-1231-5p,17,9,13,7,4,3,0,2
mmu-miR-1231-3p,2,5,3,3,0,2,4,0
mmu-miR-122b-5p,2,4,0,1,1,0,0,0
mmu-miR-1224-5p,0,0,0,1,0,0,1,1
mmu-miR-12206-5p,9,4,1,4,9,1,14,6
mmu-miR-12205-3p,4,0,2,1,4,1,0,0
mmu-miR-12202-5p,2,0,0,0,0,0,0,0
mmu-miR-12202-3p,3,3,2,2,4,5,4,2
mmu-miR-12201-5p,9,4,4,6,8,1,9,13
mmu-miR-12201-3p,9,5,5,9,1,0,1,2
mmu-miR-122-5p,118,108,566,184,20,17,71,31
mmu-miR-122-3p,0,0,0,0,0,1,1,0
mmu-miR-12199-3p,0,0,2,0,0,0,1,0
mmu-miR-12196-5p,3,4,0,3,0,0,1,4
mmu-miR-12196-3p,0,0,3,0,0,0,0,0
mmu-miR-12195-3p,1,0,0,0,0,0,0,0
mmu-miR-12194-3p,11,9,4,16,1,3,9,5
mmu-miR-12193-5p,0,0,0,2,0,0,0,1
mmu-miR-12191-3p,3,4,1,0,5,3,5,4
mmu-miR-12189-3p,8,7,3,4,8,4,4,6
mmu-miR-12187-5p,0,0,1,0,0,0,2,0
mmu-miR-12187-3p,2,2,1,7,5,4,3,0
mmu-miR-12186-3p,0,0,0,0,0,0,1,0
mmu-miR-12185-5p,1,0,0,0,0,0,0,1
mmu-miR-12185-3p,3,6,2,1,3,1,1,4
mmu-miR-12184-5p,0,0,0,0,1,0,1,0
mmu-miR-12182-3p,19,5,3,5,4,1,4,4
mmu-miR-12180-3p,0,0,0,1,0,0,2,0
mmu-miR-1199-5p,3,3,1,2,27,19,4,4
mmu-miR-1199-3p,0,0,0,0,3,1,0,1
mmu-miR-1198-5p,1626,970,986,1298,2046,1221,1419,1230
mmu-miR-1198-3p,13,18,13,6,12,8,17,9
mmu-miR-1197-5p,0,1,0,0,0,1,0,1
mmu-miR-1197-3p,926,665,914,781,523,390,962,845
mmu-miR-1195,34,23,56,28,11,10,23,19
mmu-miR-1194,109,100,113,79,73,51,59,55
mmu-miR-1193-5p,204,125,241,219,156,120,267,218
mmu-miR-1193-3p,3948,1903,2042,3454,2481,1832,5459,3518
mmu-miR-1191b-5p,42,70,60,44,36,30,47,42
mmu-miR-1191b-3p,3,0,2,1,0,0,5,4
mmu-miR-1191a,210,151,204,142,130,83,177,140
mmu-miR-1188-5p,119,109,155,143,115,56,152,121
mmu-miR-1188-3p,11,11,5,15,6,2,10,10
mmu-miR-1187,7,8,5,3,8,7,8,3
mmu-miR-10b-5p,46225,18403,12599,28980,92291,62161,61631,30218
mmu-miR-10b-3p,571,224,189,312,893,550,631,423
mmu-miR-10a-5p,245,79,86,67,1585,818,823,244
mmu-miR-10a-3p,5,0,1,3,20,10,15,4
mmu-miR-107-5p,3,5,8,2,5,6,11,10
mmu-miR-107-3p,19896,16894,22075,17413,14855,10728,21424,17618
mmu-miR-106b-5p,12315,7432,8310,8276,8472,4449,7278,5947
mmu-miR-106b-3p,6327,6334,7206,5561,3308,2180,4175,3244
mmu-miR-106a-5p,3,0,7,2,1,0,7,0
mmu-miR-103-3p,174661,126959,187472,156992,148717,102098,166901,137683
mmu-miR-103-2-5p,63,59,49,39,48,17,59,39
mmu-miR-103-1-5p,4,3,1,4,2,1,3,3
mmu-miR-101c,35,31,29,33,53,42,41,30
mmu-miR-101b-5p,9,6,6,7,6,3,1,1
mmu-miR-101b-3p,51931,26751,33301,35157,28486,19088,28544,21390
mmu-miR-101a-5p,36,23,27,28,39,20,28,21
mmu-miR-101a-3p,64038,31087,40309,48308,72180,51650,62782,43029
mmu-miR-100-5p,290420,146760,141776,198419,340070,217332,393836,257903
mmu-miR-100-3p,391,211,212,285,220,159,355,217
mmu-let-7k,0,0,0,0,1,1,1,0
mmu-let-7j,249,47,20,166,141,82,175,88
mmu-let-7i-5p,548265,338853,311146,451771,375822,277991,479608,278830
mmu-let-7i-3p,6903,7246,5983,4689,5341,2641,6406,5427
mmu-let-7g-5p,174172,118555,73885,185528,174902,137652,226405,94909
mmu-let-7g-3p,68,85,52,54,77,31,84,68
mmu-let-7f-5p,458433,287036,128854,409315,651848,455937,661602,236523
mmu-let-7f-2-3p,208,92,122,162,62,62,141,103
mmu-let-7f-1-3p,427,322,327,266,224,146,392,266
mmu-let-7e-5p,33910,31150,8856,40324,58020,45996,76500,25657
mmu-let-7e-3p,1821,1463,1934,1717,655,533,1386,1124
mmu-let-7d-5p,75158,43035,46729,76378,73829,54679,72825,48355
mmu-let-7d-3p,53646,34324,40241,36648,28143,18665,38966,32616
mmu-let-7c-5p,138745,91805,35239,135791,239677,174265,289737,93060
mmu-let-7c-2-3p,3913,2167,1687,3017,2259,1529,3874,2294
mmu-let-7c-1-3p,770,484,662,716,948,662,916,747
mmu-let-7b-5p,36375,23766,9189,35230,63500,44838,77027,27682
mmu-let-7b-3p,1060,626,755,666,559,376,1002,885
mmu-let-7a-5p,248880,175208,60749,230739,279835,230533,331359,108301
mmu-let-7a-2-3p,647,516,622,547,218,206,502,375
mmu-let-7a-1-3p,3913,2167,1687,3017,2259,1529,3874,2294
Novel_99,13,0,0,0,0,0,0,0
Novel_98,20,18,21,17,0,0,0,0
Novel_97,116,102,176,109,0,28,90,69
Novel_96,0,0,0,0,700,0,0,0
Novel_95,1096,537,504,729,0,535,987,818
Novel_94,0,0,0,0,0,0,13,0
Novel_93,3,0,0,0,0,0,0,0
Novel_92,19,29,29,17,19,12,26,25
Novel_91,17,0,16,8,12,0,0,18
Novel_90,0,0,0,0,0,0,0,5
Novel_9,0,10,0,0,0,0,8,0
Novel_89,0,0,3,0,0,0,0,0
Novel_88,0,4,0,0,0,0,0,0
Novel_87,0,0,0,0,10,0,0,0
Novel_86,0,7,0,0,20,0,0,0
Novel_85,0,0,0,2,0,0,0,0
Novel_84,10,8,0,0,0,0,0,0
Novel_83,0,0,2,0,0,0,0,0
Novel_82,0,3,0,0,0,0,0,0
Novel_81,0,0,0,0,5,0,0,0
Novel_80,0,0,2,0,0,0,0,0
Novel_8,490,335,517,410,353,211,428,436
Novel_79,0,0,0,0,0,0,0,8
Novel_78,8,9,12,7,0,0,8,0
Novel_77,9,0,0,0,0,0,0,0
Novel_76,0,0,0,0,212,0,0,0
Novel_75,0,4,0,0,0,0,0,0
Novel_74,0,3,4,0,0,0,0,0
Novel_73,0,0,0,95,0,0,0,0
Novel_72,2100,0,0,0,0,0,0,0
Novel_71,0,0,0,7,0,0,0,0
Novel_70,0,9,0,0,0,0,0,0
Novel_7,0,7,0,0,11,0,0,0
Novel_69,0,0,4,0,0,0,0,0
Novel_68,0,0,0,0,0,0,0,2
Novel_67,0,0,0,0,0,0,0,29
Novel_66,0,0,0,0,0,0,11,0
Novel_65,0,3,0,0,0,0,3,0
Novel_64,9,0,16,13,0,0,13,0
Novel_63,0,0,0,0,0,12,0,0
Novel_62,0,0,0,0,0,0,2,0
Novel_61,0,0,0,0,0,3,0,0
Novel_60,0,0,8,0,0,0,0,0
Novel_6,13,0,25,0,0,0,0,0
Novel_59,0,0,0,0,0,0,2,0
Novel_58,0,0,0,0,0,0,12,0
Novel_57,5,0,0,0,0,0,0,0
Novel_56,0,2,0,0,0,0,0,0
Novel_55,0,0,0,0,16,0,0,0
Novel_54,0,2,0,0,0,0,0,0
Novel_53,0,0,0,0,0,8,0,0
Novel_52,0,0,0,0,2,0,0,0
Novel_51,0,0,0,0,13,0,0,0
Novel_50,0,0,0,0,0,0,7,0
Novel_5,0,0,2,0,0,0,0,0
Novel_49,0,0,0,5,0,0,0,0
Novel_48,0,5,0,0,0,0,0,0
Novel_47,0,0,3,0,0,0,0,0
Novel_46,0,0,0,0,0,2,0,0
Novel_45,0,0,6,0,0,0,0,0
Novel_44,0,5,0,0,0,0,0,0
Novel_43,0,0,0,0,0,11,0,0
Novel_42,0,0,0,0,0,0,2,0
Novel_41,0,0,0,0,0,69,0,0
Novel_40,0,0,0,0,0,0,0,9330
Novel_4,0,0,0,0,0,0,12,0
Novel_39,0,0,0,2,0,0,0,0
Novel_38,0,0,0,21,0,0,17,0
Novel_37,26,27,18,16,7,7,11,10
Novel_36,0,9,0,0,0,0,0,0
Novel_35,0,3,0,0,0,0,0,0
Novel_34,0,0,12,0,0,0,0,0
Novel_33,0,0,0,0,0,0,0,6
Novel_32,0,0,10,0,0,0,0,0
Novel_31,0,0,0,0,3,0,0,0
Novel_30,28,36,37,23,19,0,23,15
Novel_3,0,0,0,0,0,6,0,0
Novel_29,0,0,0,2,0,0,0,0
Novel_28,0,0,0,0,0,0,0,17
Novel_27,0,11,0,0,0,0,0,0
Novel_26,14,0,0,0,0,0,0,0
Novel_25,0,0,0,0,11,0,0,0
Novel_24,0,0,0,0,0,0,5,0
Novel_23,2,0,0,0,0,0,0,0
Novel_22,0,0,0,0,0,0,0,2
Novel_21,0,0,5,4,0,0,0,0
Novel_20,11,0,12,0,0,0,0,0
Novel_2,0,0,0,0,0,0,19,0
Novel_19,0,0,8,0,0,0,0,0
Novel_18,0,2,0,0,0,0,0,0
Novel_17,0,14,0,5,16,0,0,0
Novel_16,0,0,0,0,11,0,0,9
Novel_15,3,0,0,0,0,0,0,0
Novel_14,0,0,0,4,0,0,0,0
Novel_13,4,0,0,0,0,0,0,0
Novel_12,0,0,0,0,4,0,0,0
Novel_117,0,0,7,0,11,0,9,0
Novel_116,0,5,0,0,0,0,0,0
Novel_115,0,5,0,0,0,0,0,0
Novel_114,3,0,0,0,0,0,0,0
Novel_113,0,0,0,0,0,0,0,9
Novel_112,11,0,0,0,0,0,0,0
Novel_111,0,0,0,14,0,0,0,0
Novel_110,0,0,12,0,0,0,0,0
Novel_11,0,2,0,0,0,0,0,0
Novel_109,0,0,0,0,0,0,9,0
Novel_108,0,0,0,0,0,0,0,2
Novel_107,2,0,0,0,0,0,0,0
Novel_106,0,4,0,0,0,0,0,0
Novel_105,0,0,3,0,0,0,0,0
Novel_104,0,0,2,0,0,0,0,0
Novel_103,0,0,0,0,13,0,0,0
Novel_102,0,0,0,0,0,7,6,0
Novel_101,0,0,0,0,0,0,0,12
Novel_100,0,0,0,0,0,0,2,0
Novel_10,12,0,0,0,0,0,0,0
Novel_1,13,17,13,0,13,0,10,0